Channel ID,Video ID,Vidoe Title,Date Published,Description
,Za1IB5vbKAs,XAI66x | Elon Musk reveals new xAI Token on Lex Fridman,2024-10-22T10:29:46Z,"XAI66x is live on: crypto-xai.com This clip originated from the original interview series with Lex Fridman and Elon Musk, where ..."
,kLB2DpwZ0gc,üî• xAI TOKEN PRESALE OFFICIAL!,2024-10-24T21:23:08Z,"Presale Official website:   https://project-xai.pro Welcome to the official YouTube channel of XAI-TOKEN coin, where we bring you ..."
,rSIzw9lBk5c,–ö–†–ò–ü–¢–û–í–ê–õ–Æ–¢–ê XAI | –û–ë–ó–û–† –ò –ü–†–û–ì–ù–û–ó XAI TOKEN,2024-02-03T06:00:18Z,C–µ–≥–æ–¥–Ω—è –ø–æ–≥–æ–≤–æ—Ä–∏–º –æ –∫—Ä–∏–ø—Ç–æ–≤–∞–ª—é—Ç–µ XAI . –¢–∞–∫ –∂–µ —Å–¥–µ–ª–∞–µ–º –æ–±–∑–æ—Ä –∏ –ø—Ä–æ–≥–Ω–æ–∑ XAI token –¢–µ–ª–µ–≥—Ä–∞–º –ö–∞–Ω–∞–ª: ...
,IcmSaaBKUKU,–ú–û–ù–ï–¢–ê XAI - –≠–¢–û –í–´–ì–û–î–ù–û,2024-05-12T13:49:45Z,–ú–û–ù–ï–¢–ê XAI - –≠–¢–û –í–´–ì–û–î–ù–û 00:00 - –∏–Ω–≤–µ—Å—Ç–æ—Ä—ã XAI 01:52 - gamefi XAI 04:20 - –º–Ω–µ–Ω–∏–µ 06:06 - –º–æ–Ω–µ—Ç–∞ XAI - —ç—Ç–æ –≤—ã–≥–æ–¥–Ω–æ ...
,uE4bRPydC0c,XAI Price Prediction. XAI Coin latests updates,2024-08-30T15:00:55Z,"XAI Price Prediction. XAI Coin latests updates DM me ""4LIGHT"" -10% code, for Indicators set - https://t.me/crypto4lightfounder ..."
,vAK-XnQ5B_Q,What Is XAI? | The $XAI Cryptocurrency Easy Explained,2024-04-01T16:54:47Z,"Hit Like, Share, and Subscribe for more videos about different assets in the market! The crypto exchange we buy this coin is ..."
,OUbBB649zWU,"–ê–ª—å—Ç–∫–æ–∏–Ω—ã 2024. –ù–æ–≤—ã–π –≥–µ–º –≤ GameFI, –∫—Ä–∏–ø—Ç–æ–≤–∞–ª—é—Ç–∞ XAI. –ü—Ä–æ–µ–∫—Ç XAI –ø—Ä–æ–≥–Ω–æ–∑ –∏ –ø–µ—Å—Ä–ø–µ–∫—Ç–∏–≤—ã.",2024-02-06T08:50:27Z,"–ë–∏—Ä–∂–∏, –≥–¥–µ –ø–æ–∫—É–ø–∞—é –∏ –ø—Ä–æ–¥–∞—é –∫—Ä–∏–ø—Ç–æ–≤–∞–ª—é—Ç—ã: ‚ñ∂Ô∏é Bybit ‚Äî https://partner.bybit.com/b/PavelP7 ‚ñ∂Ô∏é OKEX ..."
,ZI9HG2HEb_8,Why Xai Games is up ü§© Xai Crypto Token Analysis,2024-02-24T14:15:02Z,Exclusive videos on our Telegram: https://t.me/bitcoinstrategychannel Buy winners early - join Premium: ...
,tRsxLLghL1k,Elon Musk on xAI: We will win | Lex Fridman Podcast,2024-08-05T12:00:59Z,Lex Fridman Podcast full episode: https://www.youtube.com/watch?v=Kbk9BiPhm7o Please support this podcast by checking out ...
,di2DGD21iWU,üî• xAI TOKEN PRESALE OFFICIAL! üåêhttps://project-xai.com   XAI50X XAI60X XAI95X XAI440P XAI14M XAI50P,2024-10-16T08:46:06Z,"Presale Official website:   https://project-xai.com Welcome to the official YouTube channel of XAI-TOKEN coin, where we bring ..."
,eIGVyzp8wlM,Manta Network –∏ XAI | –ß—Ç–æ –ø—Ä–æ–∏—Å—Ö–æ–¥–∏—Ç —Å –º–æ–Ω–µ—Ç–∞–º–∏??,2024-09-11T12:48:04Z,Manta Network –∏ XAI | –ß—Ç–æ –ø—Ä–æ–∏—Å—Ö–æ–¥–∏—Ç —Å –º–æ–Ω–µ—Ç–∞–º–∏? ÔªøÔªø ‚ñ™Ô∏è–ü–æ—á–µ–º—É —Ç–æ–∫–µ–Ω—ã —Ç–∞–∫ —Å–∏–ª—å–Ω–æ —Å–≤–∞–ª–∏–ª–∏—Å—å? ÔªøÔªø ‚ñ™Ô∏è–ü–æ—á–µ–º—É XAI –º–æ–∂–µ—Ç ...
,q0wpehWSDLI,XAI Price Prediction. Everything by plan,2024-07-03T15:00:50Z,"XAI Price Prediction. Everything by plan DM me ""4LIGHT"" -10% code, for Indicators set - https://t.me/crypto4lightfounder ..."
,NfkgR5FT9Pk,Xai Token Review 2023: The All-in-One Mobile App | Social + Ecommerce + Payments + Messaging!,2023-04-27T10:24:32Z,"Xai is an all-in-one platform that offers different services from Social Networking that connects other people, An e-commerce that ..."
,h-nSh9MFUsY,XAI token Reviewed - LOBSTR/STELLAR GEMS  -Elon Musk? AI?,2024-07-31T09:34:14Z,Stellar Gems reviewed - the XAI token - will it be the premier AI token for Elon Musk and the Xapp? Official Trustline: ...
,Iz5ke_ZudR8,üî• xAI TOKEN PRESALE OFFICIAL! üåêhttps://project-xai.com  XAI10X XAI60X XAI95X XAI440P XAI64P XAI50P,2024-10-16T09:01:44Z,"Presale Official website:   https://project-xai.com Welcome to the official YouTube channel of XAI-TOKEN coin, where we bring ..."
,i_U4s4Fau0c,–ù–ê –≠–¢–û–ú –¢–û–ö–ï–ù–ï –¢–´ –°–ö–û–õ–û–¢–ò–®–¨ –°–û–°–¢–û–Ø–ù–ò–ï –í 2024 üòÆ‚Äçüí®üí∞ –†–ê–ó–ë–û–† –ú–û–ù–ï–¢–´ XAI,2024-07-21T17:22:13Z,–≠—Ç–æ—Ç —Ç–æ–∫–µ–Ω –¥a—Å—Ç –∏–∫—Å—ã. –†–∞–∑–±–æ—Ä –∫—Ä–∏–ø—Ç–æ–≤–∞–ª—é—Ç—ã XAI. –≠—Ç–∞ –∫—Ä–∏–ø—Ç–∞ —Å–∫–æ—Ä–æ –≤—ã—Ä–∞—Å—Ç–µ—Ç. –ö—Ä–∏–ø—Ç–∞–≤–∞–ª—é—Ç–∞ –Ω–∞ —Ä–æ—Å—Ç –¢–µ–ª–µ–≥—Ä–∞–º –∫–∞–Ω–∞–ª ...
,MEgDG6B6uPc,Elon Musk&#39;s xAI is About To Take Over!,2024-05-29T21:00:20Z,Elon Musk's xAI is About To Take Over! Last video: The Tesla Semi Take Over Has Begun https://youtu.be/_iD7ytZkUMw ...
,XWrWJlUjEGg,XAI Price Prediction for the 2024-25 Bull Run,2024-02-03T05:00:27Z,Grow Your Crypto and Stablecoins Securely ‚ñ∂Ô∏èhttps://cryptonomy.finance/?r=34427 Cryptonomy backs the early-stage crypto ...
,5L46sWPx5uk,This Xai Crypto scam sucks!!,2024-07-15T07:52:08Z,"Yo fam! I recently took a loss to a crypto scam, losing $1100 AUD in just 48 hours. In the video, I share my experience and warn ..."
,oFNtSZoIqdM,XAI: Neuer Altcoin mit Potenzial? | Vorstellung,2024-02-11T11:08:08Z,Hier kaufen wir unsere Kryptos: Bitvavo - Mit die niedrigsten Geb√ºhren auf dem Markt: [Nutze unseren Link und zahle KEINE ...
,SATiIs8MU_0,"–ù–û–í–´–ï –ú–û–ù–ï–¢–´ - –ë–û–õ–¨–®–ò–ï –ò–ö–°–´! PYTH, XAI –∏ ALT - –ø–æ—á–µ–º—É –ø–æ–∫—É–ø–∞–µ–º –≤ –ø–æ—Ä—Ç—Ñ–µ–ª—å?!",2024-02-11T16:48:37Z,"–ü–æ–¥–±–æ—Ä–∫–∞ –¢–û–ü-3 –Ω–æ–≤—ã—Ö –º–æ–Ω–µ—Ç –±—ã—á—å–µ–≥–æ —Ä—ã–Ω–∫–∞, –∫—É–ø–∏–≤ –∫–æ—Ç–æ—Ä—ã–µ –ø—Ä—è–º–æ —Å–µ–π—á–∞—Å –º–æ–∂–Ω–æ –ø–æ–ª—É—á–∏—Ç—å –æ—Ç–ª–∏—á–Ω—É—é –ø—Ä–∏–±—ã–ª—å –≤ ..."
,6NlfNd2qa_w,Bahas Tuntas Token XAI - Fundamental Luar biasa 2024,2024-01-20T10:14:17Z,xaitoken #cryptoxai #crypto #cryptonews #cryptocurrency #bitcoin #binance #etherium #xai.
,h1eGcs6ZMyA,üî• xAI TOKEN PRESALE OFFICIAL! üåê https://project-xai.com  XAI81P XAI61S XAI19F XAI60Z XAI49G XAI18Y,2024-10-25T14:37:19Z,"Presale Official website:   https://project-xai.com Welcome to the official YouTube channel of XAI-TOKEN coin, where we bring ..."
,oikwFAgrv1o,Missed Aethir &amp; XAI? This Crypto Project Will Be Bigger,2024-05-21T18:36:12Z,Join CARV Whitelist: https://node.carv.io/RT24FR Buy CARV NODE HERE (OPENS JUNE 3): verifier.carv.io CARV Website: ...
,jJScogwvIW8,WHY I WILL BUY XAI!üö® | XAI Games Crypto Review,2024-01-09T15:00:49Z,"Binance Launchpool project XAI just launched, should you buy this coin? Join the Cilinix Premium for Amazing Value & Trade ..."
,MVaONagQ4-k,XAI - LAN√áAMENTO NAS MAIORES CORRETORAS DO MUNDO - POTENCIAL DE 2.000%,2024-01-09T17:44:59Z,LINK PARA CADASTRO NA CORRETORA BINGX ‚Äì V√ÅRIOS CUPONS https://bingx.com/partner/jpinvestimentos GRUPO DE ...
,UFfbZKKoeZc,XAI Price Prediction. Middle term updates,2024-06-05T08:19:41Z,"XAI Price Prediction. Middle term updates DM me ""4LIGHT"" -10% code, for Indicators set - https://t.me/crypto4lightfounder ..."
,Aseg6_2eB0I,Tokens to BUY NOW !!!,2023-01-28T10:26:38Z,"With Davincij15!!! @davincij15 #Bitcoin #crypto #shibainu #dogecoin DISCLAIMER The content, opinions and other information in ..."
,qH6BRlxPcxc,XAI GAMES üò± BORA INVESTIR E GANHAR DINHEIRO JUNTOS NO NODE üí∞,2024-01-18T14:32:04Z,"Xai Games √© um projeto Layer 3 apoiada pela Layer 2 Arbitrum, o token foi lan√ßado na Binance e tem investidores de peso."
,F3TWAD57N4s,Xai Token Analytics | Xai crypto | XAI coin New Altcoin,2024-07-12T11:56:48Z,Xai Token Analytics | Xai crypto | XAI coin New Altcoin ‚úîÔ∏è #xai I'm not a financial advisor. It's an educational Purpose Video.
,OTrUN_d42Rs,XAI Tokens &amp; Elon Musk: Hype or Reality?,2024-10-13T17:52:00Z,"""Curious about the rise of XAI tokens like XAI48H, XAI41T, and XAI59P? Wondering how Elon Musk's influence impacts these ..."
,wvPXTTCFXmI,WHY XAI COIN DEAD? ü•µ| XAI PRICE PREDICTION | BEST WEB3 GAMING CRYPTO | CRYPTOCURRENCY | CRYPTO NEWS,2024-08-22T14:30:07Z,Official Telegram Channel: https://t.me/cryptoprolifeofficial #xaicoin #altcoins #solana #crypto #bitcoinnews #web3crypto ...
,taQQc7ikHu0,üî• xAI TOKEN PRESALE OFFICIAL! üåê https://xaiofficial.com XAI81P XAI55W XAI14J CROGENX XAI61S,2024-10-24T09:44:08Z,"Presale Official website:   https://xaiofficial.com Welcome to the official YouTube channel of xAI-CRYPTO coin, where we bring ..."
,j-hGWepz-nA,XAI12H  - How to Buy xAI&#39;s New Crypto Token (2024),2024-10-14T17:00:31Z,XAI Presale : https://xaiofficial.com Discover the next big opportunity in cryptocurrency with XAI ‚Äì a powerful altcoin set to ...
UC6ZPt5kjVeWOL6rzrYxXAqQ,,xAI-TOKEN,2024-10-01T09:27:17Z,"Welcome to the official YouTube channel of XAI-TOKEN coin, where we bring you the latest updates, insights, and in-depth ..."
,Ec5P6mSQ_rI,Why XAI Coin Price Dumping‚ùìXai Coin 71.9% Supply Unlock 9th July | Xai Tokenomics Explained #xai,2024-07-02T09:50:14Z,In This Video We Talking About XAI Crypto Coin Why Xai Price Dumping Main Reason Is Xai Supply Unlocking Event Also ...
,ZPDFK20RE40,How to Buy XAI Corp (XAI) Token Using ETH and UniSwap On Trust Wallet,2023-07-12T20:14:10Z,How to Buy XAI Corp (XAI) Token Using ETH and UniSwap On Trust Wallet OR MetaMask Wallet. I have only shared technical ...
,g325CgPRrZ4,üî• xAI TOKEN PRESALE OFFICIAL! üåê https://project-xai.com  XAI46A XAI70B XAI34B XAI53N XAI92E XAI45U,2024-10-25T14:58:39Z,"Presale Official website:   https://project-xai.com Welcome to the official YouTube channel of XAI-TOKEN coin, where we bring ..."
,du0D2oviHIU,üî• xAI TOKEN PRESALE OFFICIAL! üåê https://project-xai.com  XAI98Q XAI63U XAI82Z XAI24S XAI19Z XAI28U,2024-10-29T15:12:08Z,"Presale Official website:   https://project-xai.com Welcome to the official YouTube channel of XAI-TOKEN coin, where we bring ..."
,6G17zJRjuXA,XAI Coin Price Prediction üî• | No. 1 Layer 3 1000x Crypto Project,2024-09-15T12:13:40Z,"In this video, I have also shared each and everything about xai coin price prediction, xai price prediction, xai new update, and after ..."
,lHOnx_gGz-c,XAI76H XAI22M XAI51H üî• XAI TOKEN Presale Official website:üåê https://project-xai.com XAI89M XAI37T,2024-10-09T13:43:11Z,"Presale Official website:   https://project-xai.com Welcome to the official YouTube channel of XAI-TOKEN coin, where we bring ..."
UCrAfBTdT_st-gLD-Q-dQT4A,,XAI TOKEN,2024-10-06T14:20:40Z,"Welcome to the official YouTube channel of XAI-TOKEN coin, where we bring you the latest updates, insights, and in-depth ..."
,chM852QaI9c,üöÄùêóùêÄùêà ùêÇùêéùêàùêç ùêèùêëùêàùêÇùêÑ ùêèùêëùêÑùêÉùêàùêÇùêìùêàùêéùêç ùêáùêàùêçùêÉùêà | ùêóùêÄùêà ùêÇùêéùêàùêç ùêãùêÄùêìùêÑùêíùêì ùêîùêèùêÉùêÄùêìùêÑ,2024-01-31T12:10:09Z,XAI COIN PRICE PREDICTION HINDI | XAI COIN LATEST UPDATE IN THIS VIDEO I ...
,3wbVGnXqHlQ,XAI Coin Price Prediction! XAI Coin News Today,2024-07-19T09:30:00Z,Binance 7 to 10 Future Trading signals Join Telegram Telegram Free Signals Group Join Now https://t.me/abcryptovip Telegram ...
,MnLoHd5gx-Q,üî•NUEVA OPORTUNIDAD LAUNCHPOOL DE BINANCE ! XAI  TOKEN (XAI ) Como funciona?,2024-01-04T20:15:11Z,"APURATE y PARTICIPA DEL NUEVO LAUNCHPOOL DE BINANCE, SOLO DURA 4 DIAS ! HOLDEA FUSD, TUSD Y BNB PARA ..."
,-AblzG5kQO0,Elon Musk Menggemparkan Pasar Kripto dengan xAI! üî•,2023-07-13T07:00:00Z,"Temukan kabar terbaru tentang Elon Musk dan perusahaan barunya, xAI, yang mempengaruhi kenaikan token kripto terkait ..."
,l5sqciumbjQ,COMO COMPRAR XAI TOKEN NA BINANCE (TUTORIAL),2024-01-07T00:21:00Z,"veja nesse v√≠deo como √© f√°cil de comprar a criptomoeda xai pela binance, presta aten√ß√£o e siga o passo a passo ..."
,qBvQPN8V3jI,XAI Coin Price Prediction! XAI Coin News Today,2024-07-18T10:30:14Z,Binance 7 to 10 Future Trading signals Join Telegram Telegram Free Signals Group Join Now https://t.me/abcryptovip Telegram ...
,IL4gksSxSQ8,XAI COIN PRICE PREDICTION $50 POSSIBLE? XAI CRYPTO FIRST LAYER-3 GAMING BLOCKCHAIN | XAI COIN BUYING,2024-05-03T08:03:31Z,IN THIS VIDEO DISCUSS ABOUT XAI CRYPTO FUTURE PREDICTION | XAI GAMING CRYPTO PROJECT | XAI LAYER-3 ...
,yTuCbQS_tQk,XAI Coin Price Prediction! XAI Coin News Today,2024-07-19T00:30:24Z,Binance 7 to 10 Future Trading signals Join Telegram Telegram Free Signals Group Join Now https://t.me/abcryptovip Telegram ...
,l5sqciumbjQ,COMO COMPRAR XAI TOKEN NA BINANCE (TUTORIAL),2024-01-07T00:21:00Z,"veja nesse v√≠deo como √© f√°cil de comprar a criptomoeda xai pela binance, presta aten√ß√£o e siga o passo a passo ..."
,wuJM0ZiY1Ig,"A review of the $XAI token, by Cake&amp;Crypto",2023-06-08T11:37:36Z,"An introduction and review of the $XAI token, reviewed by Cake&Crypto."
,zkeFVXtBEpI,üî• xAI TOKEN PRESALE OFFICIAL! üåêhttp://xai60x.com/ XAI50X XAI60X XAI95X XAI14M XAI50P,2024-10-16T10:43:01Z,"Presale Official website:   http://xai60x.com/ Welcome to the official YouTube channel of xAI-CRYPTO coin, where we bring you ..."
,styTgXKmP7g,XAI Presale: TOP 10 Altcoins 50x to 100x Potential -  XAI Token Official Release Confirmed!,2024-11-01T08:52:05Z,XAI Presale: presale.investxai.xyz Discover the next big crypto opportunity with XAI. Why XAI? First major coin for merchant ...
,rp4IyO4JCJs,üî• xAI TOKEN PRESALE OFFICIAL! üåê https://xaiofficial.com XAI81P XAI14J XAI55W CROGENX XAI61S,2024-10-24T09:44:40Z,"Presale Official website:   https://xaiofficial.com Welcome to the official YouTube channel of xAI-CRYPTO coin, where we bring ..."
,mHwNoZ2C8wU,ANDREW TATE SAYS THIS ABOUT CRYPTO FUTURE  #shorts,2022-11-15T01:00:16Z,"shorts Andrew Tate talks about crypto - bitcoin, ethereum and the community scams that are happeing. Developers create ..."
,OtNk3FVCS9M,Xai Gaming Blockchain Capa 3 sobre Arbitrum üòé Launpool Dinero del Aire ü§ë,2024-01-04T18:00:09Z,Apoya mi contenido y recibe en Binance 20% descuento en comisiones https://bit.ly/BinanceJS20 Para links e informaci√≥n ...
,Vyimz35CRHE,Why Xai Games is up ü§© Xai Crypto Token Analysis,2024-02-25T22:41:34Z,Watch the full video: https://www.youtube.com/c/BitcoinStrategy/videos #shorts Exclusive videos on our Telegram: ...
,mE8kS_hN0Os,D·ª± √Ån (XAI) ƒê√£ Th·ª±c S·ª± &quot;Ch*t&quot; Ch∆∞a - C∆° H·ªôi S·ªëng C√≤n Sau Airdrop?,2024-07-13T09:16:14Z,ƒêƒÉng k√≠ s√†n CoinEx: https://www.coinex.com/register?refer_code=586g3 Tham gia nh√≥m t√≠n hi·ªáu tr√™n Telegram: ...
,VJFUjA6U1uE,ELON MUSK üî• xAI TOKEN PRESALE OFFICIAL!üåêhttps://project-xai.com  XAI65F XAI550P XAI64F XAI94Z XAI16A,2024-10-31T17:00:34Z,"Presale Official website:   https://project-xai.com Welcome to the official YouTube channel of XAI-TOKEN coin, where we bring ..."
,krX6a3ODXzs,üî• xAI TOKEN PRESALE OFFICIAL! üåê https://project-xai.com  XAI22M XAI51H XAI11M XAI13T XAI207K XAI18K,2024-10-11T10:33:10Z,"Presale Official website:   https://project-xai.com Welcome to the official YouTube channel of XAI-TOKEN coin, where we bring ..."
,MuaQW4--Z-I,XAI Prediction 01/JUL XAI COIN Price News Today Crypto Technical Analysis Update Price Now,2024-07-01T21:06:21Z,THE BEST EXCHANGE FOR TRADING : https://bit.ly/100Bitget NEW TELEGRAM : https://t.me/Officialcryptoinfos Price News ...
,2EbjYNzx3yg,Searching for a 100x Altcoin? Discover the Potential of XAI Token Presale,2024-10-26T22:52:35Z,Searching for a 100x Altcoin? Discover the Potential of XAI Token Presale XAI70B Presale: https://presale.investxai.xyz Discover ...
,JZMCvVmzYgk,-E. MUSK üî• xAI TOKEN PRESALE OFFICIAL! üåêhttps://project-xai.com  XAI11N XAI52K XAI88N XAI90G XAI61R,2024-10-30T18:56:08Z,"Presale Official website:   https://project-xai.com Welcome to the official YouTube channel of XAI-TOKEN coin, where we bring ..."
,YhOTseaGjQQ,üî• xAI TOKEN PRESALE OFFICIAL! üåêhttps://project-xai.com  XAI94Z xAI82Y XAI58W XAI25Y XAI79W XAI16A,2024-10-31T17:05:02Z,"Presale Official website:   https://project-xai.com Welcome to the official YouTube channel of XAI-TOKEN coin, where we bring ..."
,O2MuYnnV8vw,XAI51G üî• xAI TOKEN PRESALE OFFICIAL! üåê https://project-xai.com  XAI81P XAI14J XAI89S XAI55W XAI550P,2024-10-24T09:12:22Z,"Presale Official website:   https://project-xai.com Welcome to the official YouTube channel of XAI-TOKEN coin, where we bring ..."
,gTGFqX8HLvU,CRYPTO TOKEN UNLOCK TRUTH | XAI 71.59% UNLOCK | ARBITRUM ECOSYSTEM | XAI GAMING | BITCOIN | LAYER3,2024-07-03T04:34:05Z,BingX - BingX - https://bingx.pro/partner/Knockknock CRYPTO TOKEN UNLOCK TRUTH | XAI 71.59% UNLOCK | ARBITRUM ...
,PtLC5fJNSm8,"Forget GALA Games, Invest in XAI crypto layer 3 &amp; make $$$.  Here&#39;s Why?",2024-01-10T06:21:59Z,XAI crypto aims to simplify blockchain for gaming industry. Its Layer 3 by Arbitrum chain with XAI token that challenges the GALA ...
,UDbscjjtDrA,üî• xAI TOKEN PRESALE OFFICIAL!üî•,2024-10-31T20:15:19Z,XAI Presale: https://presale.investxai.xyz Discover the Next Big Opportunity in Cryptocurrency with XAI Introduction: XAI is an ...
,yD1rhA0EENM,üî• xAI TOKEN PRESALE OFFICIAL! üåêhttps://project-xai.com  XAI46V XAI34U XAI22T  XAI42O XAI28N XAI16A,2024-10-31T17:11:30Z,"Presale Official website:   https://project-xai.com #XAI16A Welcome to the official YouTube channel of XAI-TOKEN coin, where ..."
,b1-1yzCcc9s,Xai token,2023-08-09T01:19:00Z,
,Q4lGU7I-MTQ,Alemio Network üî• xAI TOKEN PRESALE OFFICIAL! üåêhttps://xaiofficial.com XAI11N XAI95Z XAI41V XAI38C,2024-10-31T09:56:12Z,"Presale Official website:   https://xaiofficial.com Welcome to the official YouTube channel of XAI-TOKEN coin, where we bring you ..."
,sMZWeWtZRcg,LAYER 3 COINS XAI PRICE PREDICTION | XAI COIN | ARBITRUM ECOSYSTEM | L3 COINS | BITCOIN | CRYPTO,2024-05-04T14:59:19Z,BingX - BingX - https://bingx.pro/partner/Knockknock Mexc - https://www.mexc.com/register?inviteCode=1wXBH LAYER 3 COINS ...
,1xyo3yXvWKU,XAI51G üî• xAI TOKEN PRESALE OFFICIAL! üåê https://project-xai.com  XAI74Q XAI73N XAI31i XAI15A XAI45U,2024-10-25T15:02:23Z,"Presale Official website:   https://project-xai.com Welcome to the official YouTube channel of XAI-TOKEN coin, where we bring ..."
,yp1Is6y9Te8,"Elon Musk &quot;I love Dogecoin, but DON&#39;T buy it!&quot;",2023-05-25T16:17:27Z,"Elon Musk talks about SpaceX, Twitter, Presidential Candidates, AI, China, getting to mars, Succession, Tesla, OpenAI, ChatGPT, ..."
,WhndnPKQAh4,üî• xAI TOKEN PRESALE OFFICIAL! üåê https://project-xai.com  XAI42E XAI51D XAI59B XAI78A XAI96Y XAI14W,2024-10-26T11:37:11Z,"Presale Official website:   https://project-xai.com Welcome to the official YouTube channel of XAI-TOKEN coin, where we bring ..."
,lYgjdjo3Xns,XAI COIN CHART PATTERNS SIGNAL MAJOR MOVES AHEAD! XAI COIN PRICE MOVEMENTS: CHART INSIGHTS !,2024-09-22T19:28:47Z,Join Our Patreon for Exclusive Long-Term Trade Signals! Get expert analysis and proven strategies to boost your crypto ...
,ZILyEhJff4M,ELON MUSK üî• xAI TOKEN PRESALE OFFICIAL!üåêhttps://project-xai.com  XAI4V XAI550P XAI64F XAI16A XAI86V,2024-11-01T08:53:20Z,"Presale Official website:   https://project-xai.com Welcome to the official YouTube channel of XAI-TOKEN coin, where we bring ..."
,ZiW2Llw4GBg,Xai Token Price Prediction | Xai token price | Xai coin price prediction,2024-10-18T06:10:51Z,binancelaunchpool #binance #launchpool #xai #xaitoken #xaitokenprice #xaitokenpriceprediction #xaicoin #xaiairdrop #xaicoin ...
,5SSrdJXK63I,XAI AKAN MENJADI RAJA CRYPTO GAME ?,2024-01-13T12:30:10Z,Selamat Datang di Channel Pace Crypto ! Email Bisnis : PaceCryptoYT@proton.me Support dan Apresiasi Konten Saya Saweria ...
,lLyzXO1Ml0o,üî¥What is XAI Games?üî¥XAI Coin News Today 2024üî¥XAI Token Analiz,2024-07-05T14:15:03Z,"XAI Coin Overview General Information XAI Coin: XAI Coin is a cryptocurrency that may be associated with various platforms, ..."
,k4g4iX7b_zc,XAI GAMES - √Åt ch·ªß b√†i h·ªá Arbitrum | Minhtuan.hc,2024-01-07T13:04:10Z,∆ØU ƒê√ÉI THAM GIA K√äNH PRIVATE C·ª¶A HC KHI ƒêƒÇNG K√ù LINK S√ÄN  : Bybit: http://hulkcrypto.com/go/bybit (code ref: 32672) ...
,8E6uFOP9Ed8,Xai Token Price Prediction | Xai token price | Xai coin price prediction,2024-10-03T09:51:13Z,binancelaunchpool #binance #launchpool #xai #xaitoken #xaitokenprice #xaitokenpriceprediction #xaicoin #xaiairdrop #xaicoin ...
,iKJz8gS_0aw,üî• xAI TOKEN PRESALE OFFICIAL! üåê XAI44E XAI53D XAI62C XAI51B XAI40A,2024-10-31T23:16:26Z,"Presale Official website: https://xaiofficial.com Welcome to the official YouTube channel of XAI-TOKEN coin, where we bring you ..."
,ngdqk51NSgU,XAI51G üî• xAI TOKEN PRESALE OFFICIAL! üåêXAI81P XAI61S XAI60Z XAI49G XAI18Y,2024-10-30T08:05:52Z,XAI51G Presale: https://xaiofficial.comDiscover the next big opportunity in cryptocurrency with XAI51G ‚Äì a powerful altcoin set to ...
,doc1K5-dJd8,XAI Coin Price Prediction! XAI News Today,2024-01-18T19:45:01Z,Binance 7 to 10 Future Trading signals Join Telegram Telegram Free Signals Group Join Now https://t.me/abcryptovip Telegram ...
,tkUw5m7NjhI,XAI51G üî• xAI TOKEN PRESALE OFFICIAL! üåê https://project-xai.com  XAI81P XAI61S XAI60Z XAI49G XAI18Y,2024-10-25T09:37:59Z,"Presale Official website:   https://project-xai.com Welcome to the official YouTube channel of XAI-TOKEN coin, where we bring ..."
,6XYpa4JsWMY,Ankr Talking To Elon Musk?  xAI Gigafactory,2024-06-02T19:58:08Z,ankr #neura #elon Are Ankr and Elon in talks? Are they working on a project related to AI? Let's get started. I am not an economist ...
,u61mUAmcwzM,XAI Vs BEAM. Why I&#39;m Bullish &amp; Price Prediction,2024-01-16T17:26:32Z,More than $51K in rewards if you use my links. üÖ±Ô∏èBybit:‚û°Ô∏è https://bit.ly/3y2wOgg üÖæÔ∏èOKX: ‚û°Ô∏è https://bit.ly/3zKDYcO Pump ...
,UboXDH-KoUc,XAI Token Presale - GET READY FOR THIS 100X ALTCOIN,2024-10-29T17:15:03Z,XAI Token Presale - GET READY FOR THIS 100X ALTCOIN XAI Presale: https://presale.investxai.xyz Discover the next big ...
,CqHlIhQifZg,ASKING DUBAI MILLIONAIRES HOW MANY BITCOIN THEY OWN..,2021-09-21T19:46:56Z,
,yVg6I29R0XA,Is XAI (X) Token Legit or Scam ??,2023-07-26T11:45:41Z,"In this video, I am going to share that XAI (X) Token is legit or a scam. I have made videos based on online data, I am not a ..."
,Y1xb65NpWsU,üî• xAI TOKEN PRESALE OFFICIAL! üåêhttps://project-xai.com  XAI203K XAI57H XAI11M XAI13T XAI207K XAI18K,2024-10-12T13:13:53Z,"Presale Official website:   https://project-xai.com Welcome to the official YouTube channel of XAI-TOKEN coin, where we bring ..."
,m3THuqa0MZ8,XAI Crypto Coin Price Analysis And Prediction,2024-08-16T18:01:06Z,"You can buy XAI on Binance, below is the link: https://www.binance.com/?ref=11256882 For best trading signals join as a Patreon ..."
,HaGpi3ozyUs,XAI87NET üî• xAI TOKEN PRESALE OFFICIAL! üåê https://project-xai.com XAI22M XAI51H XAI11M XAI57H,2024-10-11T08:12:09Z,"Presale Official website:   https://project-xai.com Welcome to the official YouTube channel of XAI-TOKEN coin, where we bring ..."
,rbeptK-NQhY,Xai Layer 3: Next-Gen Gaming Token! #crypto #news (Short),2023-10-07T17:00:36Z,Check my - Step by Step HERE: https://www.cryptocurrencystate.net/airdrop// Check my Subscriptions to my Discord and my ...
,jsRVEIRMyzY,XAI Token Layer 3 Gaming Project | 100X pump üöÄ | New Coin on Binance Launchpool |,2024-01-08T12:33:23Z,XAI Token Layer 3 Gaming Project | 100X pump | New Coin on Binance Launchpool | #xai_token #binancelaunchpool ...
,umr_bivAH_o,Ph√¢n t√≠ch XAI_GAMES Layer 3 ƒë·∫ßu ti√™n do team ARBITRUM ph√°t tri·ªÉn XAI token c√≥ X kh·ªßng ?,2024-01-04T12:30:09Z,Donate:USDT-Bep20:0x4f961c719fec96ede6dd9a8f112d8af8730f8281 Link ƒëƒÉng k√Ω c√°c s√†n giao d·ªãch uy t√≠n nh·∫≠n Bonus v√† ...
,anGJ18AH9Lo,üî• xAI TOKEN PRESALE OFFICIAL! üåê https://xaiofficial.com XAI98Q XAI63U XAI82Z XAI24S XAI19Z XAI20H,2024-10-30T02:08:58Z,"Presale Official website:   https://xaiofficial.com Welcome to the official YouTube channel of XAI-CRYPTO coin, where we bring ..."
,jdwbKwS8Nto,üî• xAI TOKEN PRESALE OFFICIAL! üåêhttps://project-xai.com  XAI86V XAI43F XAI43F XAI86V XAI4V XAI64F,2024-11-01T08:56:25Z,"Presale Official website:   https://project-xai.com Welcome to the official YouTube channel of XAI-TOKEN coin, where we bring ..."
,HKtad-wjNEo,üî• xAI TOKEN PRESALE OFFICIAL! üåê XAI48O XAI41G XAI43K XAI91B XAI67i XAI55W XAI20S XAI16Z,2024-10-30T11:01:31Z,"Presale Official website:   https://xai-official.web.app/ Welcome to the official YouTube channel of XAI-TOKEN coin, where we ..."
,OPlGn7-bwSk,üî• xAI TOKEN PRESALE OFFICIAL! üåêhttps://project-xai.com  XAI86V XAI72G XAI64R XAI72T XAI4W XAI4V,2024-11-01T09:01:17Z,"Presale Official website:   https://project-xai.com Welcome to the official YouTube channel of XAI-TOKEN coin, where we bring ..."
,K-BFuM-Bgxk,XAI Crypto Coin Price Analysis And Prediction,2024-08-03T19:00:03Z,"You can buy XAI on Binance, below is the link: https://www.binance.com/?ref=11256882 For best trading signals join as a Patreon ..."
,1cm8DhELnNg,3 SECRET CRYPTO TOKENS THAT CAN 10x | PIXEL PRQ XAI | Crypto Market GEMS,2024-03-14T05:00:00Z,If you have signed up to Bybit using my link join our Jargon Insider channel here: https://t.me/jargonsig_bot (You can find UID in ...
,GXLYj0oWcEg,XAI19P coin How to Buy xAI New Crypto Token presale (2024).,2024-10-13T00:11:55Z,XAI19P Presale : https://xaiofficiai.tech/presale/ Uncover the next significant opportunity in the cryptocurrency market with XAI19P ...
,Kvc4yoHusTQ,Xai Token review | XAI up +1200% last 24 hoursü§Øü§Ø,2023-07-27T09:09:19Z,Xai Token review | XAI up +1200% last 24 hours    In this XAI token review I will share what xai really is enjoy. Best ...
,2EDgwsMiGPE,Xai (XAI) Token is a Legit or Scam | Is XAI token Legit or Scam ?,2024-01-24T22:30:23Z,In this video I am going to share with you Xai (XAI) token is a legit or Scam. this video is only for Education purpose not financial ...
,lUyttBjrUIM,Short Squeeze and XAI Token Unlock??,2024-07-09T18:35:07Z,
,jjFTsXRu01c,üî• xAI TOKEN PRESALE OFFICIAL! üåêhttps://project-xai.com  XAI203K XAI57H XAI11M XAI13T XAI207K XAI18K,2024-10-12T13:17:14Z,"Presale Official website:   https://project-xai.com Welcome to the official YouTube channel of XAI-TOKEN coin, where we bring ..."
,kY_rhRVXxhU,ELON MUSK COIN?! XAI $XAI #shorts #video #viral #bitcoin #cryptocurrency #crypto #xrp #money,2024-07-02T19:28:04Z,
,73Rh95MsnhQ,üî•xAI TOKEN PRESALE OFFICIAL! üåêhttps://project-xai.com XAI84P XAI50P XAI32P XAI48T XAI23X XAI59X,2024-10-17T08:40:06Z,"Presale Official website:   https://project-xai.com Welcome to the official YouTube channel of XAI-TOKEN coin, where we bring ..."
,wQ8Glbf_Ge8,XAI NOVA L3 EXPLODINDO VOLTADA PARA GAMES COM 0 TAXA NA ETHEREUM,2024-01-14T14:30:16Z,GRUPO DE ANALISE DO CANAL https://chat.whatsapp.com/Li0lttHBFnh3tLTzdwpsPU B√îNUS COINEXT CADASTROU ...
,Uv1yygk9np4,üî• xAI TOKEN PRESALE OFFICIAL! üåê https://project-xai.com  XAI22M XAI51H XAI48H XAI76H XAI94X,2024-10-11T07:54:13Z,"Presale Official website:   https://project-xai.com Welcome to the official YouTube channel of XAI-TOKEN coin, where we bring ..."
,EUwLPlj2oPw,XAI Crypto: Opportunities and Risks Uncovered üí∞üìâ  Smart Move or Risky Bet? ü§îüìä,2024-08-26T20:01:22Z,"Everything You Need to Know About XAI Token Hello everyone. Today, we will delve into a comprehensive analysis of the ..."
,EhEtRE6Vc3c,ELON MUSK YAPAY ZEKA PROJESƒ∞ XAI SAHTE KRƒ∞PTO PARASI √áIKACAK!,2023-04-14T22:38:33Z,Elon musk yapay zeka tarafƒ±na el attƒ±. Resmi olarak OpenAI ChatGPT rakibi X‚Ä§AI Corp.'u kurdu. Dolandƒ±rƒ±cƒ±lar durur mu hemen bu ...
,EHmcdM559lA,XAI Crypto Coin Price Analysis And Prediction,2024-07-26T19:56:38Z,"You can buy XAI on Binance, below is the link: https://www.binance.com/?ref=11256882 For best trading signals join as a Patreon ..."
,tGtcNTdYcFY,Be Part of the AI Revolution Grab Your XAI Pre Sale Token Today üöÄüöÄ,2024-11-01T12:52:54Z,Go get your XAI Pre-Sale Tokens Here : https://xaitoken.xyz/ The XAI Pre-Sale Token is your gateway to investing in the future of ...
,Q0EpB7WVFLA,"XAI Presale: Don&#39;t Wait Until 2025, New round could value AI startup at $40 billion",2024-10-31T19:10:01Z,"XAI Presale: Don't Wait Until 2025, New round could value AI startup at $40 billion XAI Presale: https://presale.investxai.xyz ..."
,AXk69fxhvbA,This Gaming Token (XAI Token) Is Changing The Game - How High Can XAI Coin Go?,2024-02-29T14:14:02Z,"The XAI gaming token, associated with the Xai gaming network on the Ethereum scaler Arbitrum, has achieved a significant ..."
,6d95h0eOatc,XAI Coin News Today! XAI Price Prediction &amp; update,2024-05-22T04:00:07Z,Binance 7 to 10 Future Trading signals Join Telegram Telegram Free Signals Group Join Now https://t.me/abcryptovip Telegram ...
,mHza6i-AbxE,An Easy Way to Become a Crypto Millionaire!$xAi token #crypto #memecoin #bitcoin #xai,2023-07-12T20:08:20Z,
,zDWSG1HB1i4,XAI Crypto Coin Price Analysis And Prediction,2024-08-13T18:57:06Z,"You can buy XAI on Binance, below is the link: https://www.binance.com/?ref=11256882 For best trading signals join as a Patreon ..."
,urS5EhgrouA,XAI Crypto Coin Price Analysis And Prediction,2024-08-28T12:46:12Z,"You can buy XAI on Binance, below is the link: https://www.binance.com/?ref=11256882 For best trading signals join as a Patreon ..."
,jWXS1DFTJ1k,XAƒ∞ NEDƒ∞R ? XAI COƒ∞N ƒ∞NCELEME,2024-01-11T15:00:42Z,iyi seyirler . telegram link : https://t.me/kriptoisletmecisi . linkler = binance : https://accounts.binance.info/register?ref=KRGDF8BP ...
,Ty9stJDMHvo,XAI44H  - How to Buy xAI&#39;s New Crypto Token (2024),2024-10-14T20:58:01Z,XAI Presale : https://xaiofficial.com Discover the next big opportunity in cryptocurrency with XAI ‚Äì a powerful altcoin set to ...
,vNw4JGpwYcU,Invest in Tomorrow Get Ahead with the XAI Pre Sale Token for Ethical AI ‚úÖ,2024-10-31T23:47:26Z,Go get your XAI Pre-Sale here now : https://xaitoken.xyz/ The XAI Pre-Sale Token offers a unique opportunity for investors to ...
,EGZdEcifnQY,XAI48H - How to Buy xAI&#39;s New Crypto Token (2024),2024-10-12T13:57:59Z,XAI Presale : https://xaiofficial.com Discover the next big opportunity in cryptocurrency with XAI ‚Äì a powerful altcoin set to ...
,UEZf3sceb6E,XAI Crypto Coin Price Analysis And Prediction,2024-09-05T18:23:20Z,"You can buy XAI on Binance, below is the link: https://www.binance.com/?ref=11256882 For best trading signals join as a Patreon ..."
,u4mLw0YIxGk,XAI Token! Dieser neue Altcoin sieht sehr Interessant aus!,2024-01-17T19:45:35Z,altcoins #krypto.
,M9y7JqRcDBk,What is Xai (XAI) Coin | Review About XAI Token,2024-01-09T23:17:15Z,"In this video, I will share a Review of the Xai (XAI) token. I have collected all the data from online sources please don't take this ..."
,9467S4s0kMs,XAI Token Price Predictions 2024 Bull Run Targets | XAI Gaming Airdrop Token Price Analysis Hindi,2024-03-01T10:12:52Z,XAI Token Price Predictions 2024 Bull Run Targets | XAI Gaming Airdrop Token Price Analysis Hindi Telegram     ...
,FIvQoPPDuMQ,XAi Token Review | Secure Blockchain #pinksale #crypto,2023-04-18T08:30:04Z,"AXi Token Review | Secure Blockchain XAi - The Ultimate all-in-one mobile app: Social networking, e-commerce, messaging, ..."
,TF-qMAUDANU,XAI Token Skyrockets 30% With Binance Listing! Is It Too Late To Buy XAI Crypto?,2024-01-16T13:43:51Z,"The XAI token has experienced a significant surge in its value following its listing on Binance, one of the world's largest ..."
,vVHf1XuRee4,XAI Prediction 25/AUG XAI COIN Price News Today Crypto Technical Analysis Update Price Now,2024-08-25T14:52:20Z,THE BEST EXCHANGE FOR TRADING : https://bit.ly/100Bitget NEW TELEGRAM : https://t.me/Officialcryptoinfos Price News ...
,r5OCPATMSro,XAI GEMA A PUNTO DE EXPLOTAR EN BINANCE EN POCOS DIASüöÄ COMO COMPRAR?#crypto #binance #bitcoin #token,2024-01-04T21:54:10Z,"TOKEN XAI EN BINANCE NUEVO LAUNCHPOOL A PUNTO DE EXPLOTAR SOY OSIAS, recuerden que no dejo ..."
,dK9mD9F3flI,Invest in a Smarter Future: XAI Presale Tokens Available Now,2024-11-01T08:22:50Z,XAI Presale: https://presale.investxai.xyz Discover the next big crypto opportunity with XAI. Why XAI? First major coin for merchant ...
,Axxmma3BmEo,---üî• xAI TOKEN PRESALE OFFICIAL! üåê  XAI10R XAI11M XAI12P  XAI14W XAI32D XAI37H XAI37H  XAI41T,2024-10-30T12:20:11Z,Presale Official website:   https://xai-official.web.app/ XAI10R XAI10R XAI11M XAI11M XAI12P XAI12P XAI14W XAI14W XAI32D ...
,agorJL8nvJY,XAI Coin Big News üò±| Xai Coin Price Prediction 2024  | Xai Crypto,2024-07-18T08:12:10Z,xaicoin #xaicrypto #xaicoinpriceprediction2024 my telegram link - https://t.me/technocrazy21.
,ol-X9U1yMos,xAI TOKEN PRESALE OFFICIAL üåêXAI87Q XAI63Oüî•!,2024-11-01T12:32:59Z,XAI Presale: https://xaigswap.web.app Discover the key benefits and importance of participating in the XAI pre-sale: Early Access ...
,gEQ2fBG8nbM,12yr old Indian Crypto-Millionaire - 240Cr. Rupees within 1 YEAR! | True Story üí≤üí≤ #shorts,2021-08-09T16:03:49Z,Meet 12yr old Indian Crypto-Millionaire Gajesh manages 240Cr. Rupees #shorts The cryptocurrency craze which has ...
,O3BBi0ZLfGI,XAI Crypto Coin Price Analysis And Prediction,2024-08-25T18:45:14Z,"You can buy XAI on Binance, below is the link: https://www.binance.com/?ref=11256882 For best trading signals join as a Patreon ..."
,ceUfoQqFJtQ,Binance Free Earning 100$ | Binance New Airdrop | XAI Token Binance Airdrop,2024-01-05T13:15:19Z,Hello Friends ‚òéÔ∏èTelegram Channel       https://telegram.me/RahulPawaria01 Twitter       ...
,_zDjMIMfq8g,XAI Token Now Listed On CoinSwitch App | CoinListing #xai #crypto #bitcoin,2024-04-29T14:45:03Z,
,-r09K3Ypkho,XAI Crypto Coin Price Analysis And Prediction,2024-07-18T18:48:45Z,"You can buy XAI on Binance, below is the link: https://www.binance.com/?ref=11256882 For best trading signals join as a Patreon ..."
,1Q_e3spbk1g,üî• xAI TOKEN PRESALE OFFICIAL! üåê XAI31S XAI81O XAI69N XAI57M XAI33K XAI91I XAI89H XAI77G,2024-10-31T23:23:11Z,"Presale Official website:   https://xaiofficial.com Welcome to the official YouTube channel of XAI-TOKEN coin, where we bring you ..."
,2I87BMG0Sus,New Coin (Crypto) SideShift Token (XAI) has been listed On MEXC,2023-07-31T12:39:32Z,
,kFOhv2dC1TY,XAI Crypto Coin Price Analysis And Prediction,2024-08-06T14:55:41Z,"You can buy XAI on Binance, below is the link: https://www.binance.com/?ref=11256882 For best trading signals join as a Patreon ..."
,SFWZZ1Bf12g,XAI Crypto Coin Price Analysis And Prediction,2024-09-13T14:49:26Z,"You can buy XAI on Binance, below is the link: https://www.binance.com/?ref=11256882 For best trading signals join as a Patreon ..."
,oNS5jO1901o,Sideshift.ai&#39;s (XAI token) complete whitepaper analysis in detail.,2024-01-09T15:52:36Z,"Hi all, In this video, we will analyze Sideshift.ai's (XAI token) complete whitepaper in detail. Join my telegram group here: ..."
,xfKLxDePH9A,"Token Name Xai (XAI)Max Token Supply: 2,50crror Launchpool Token Rewards #stake #farming #yt #btc",2024-01-04T00:30:24Z,Token Name: Xai (XAI) Max Token Supply: 2500000000 XAI Launchpool Token Rewards: 75000000 XAI (3% of total token ...
,xfKLxDePH9A,"Token Name Xai (XAI)Max Token Supply: 2,50crror Launchpool Token Rewards #stake #farming #yt #btc",2024-01-04T00:30:24Z,Token Name: Xai (XAI) Max Token Supply: 2500000000 XAI Launchpool Token Rewards: 75000000 XAI (3% of total token ...
,ZPu2I7l8j6Q,Xai Token Price Prediction | Xai token price | Xai coin price prediction,2024-06-19T14:44:54Z,binancelaunchpool #binance #launchpool #xai #xaitoken #xaitokenprice #xaitokenpriceprediction #xaicoin #xaiairdrop #xaicoin ...
UCE9fL1gPFEpa9-XO_UBi5bQ,,XAI Token,2006-03-30T20:41:04Z,
,ZXMIj4tDMbg,XAI Prediction 20/JUN XAI Coin Price News Today - Crypto Technical Analysis Update Price Now,2024-06-20T23:05:13Z,THE BEST EXCHANGE FOR TRADING : https://bit.ly/Mexcinfos NEW TELEGRAM : https://t.me/Officialcryptoinfos Price News ...
,Gjhe6s-EZcs,Xai binance airdrop || xai binance token || binance launchpad tutorial || binance xai token claim,2024-01-06T10:16:39Z,Xai binance airdrop || xai binance token || binance launchpad tutorial || binance xai token claim #binance #xai #binancetoken ...
,UuVE6w7uL2A,"XAI √© a criptomoeda do momento! Quanto vale? Elon musk na parada? √© lua,Vai fazer novos Milion√°rios",2023-07-26T14:02:33Z,3 M√äS SALA DE SINAIS + MINI CURSO +MEU INIDICADOR DE FUTUROS   https://pay.kiwify.com.br/c0AXul2 XAI TOKEN: ...
,1AatQOH68Dw,üî• xAI TOKEN PRESALE OFFICIAL! üåê XAI95F  XAI44E  XAI53D  XAI62C  XAI51B  XAI40A,2024-10-30T22:30:41Z,"This is life changing opportunity for me, especially when price of Bitcoin currently going sideways. XAI Presale ..."
,FiQo8z4nxJM,üî∂NUEVA OPORTUNIDAD LAUNCHPOOL DE BINANCE ! XAI  TOKEN (XAI ),2024-01-04T20:19:19Z,
,D10TW7m8AQE,üî• xAI TOKEN PRESALE OFFICIAL! üåê XAI83Y  XAI71X  XAI59W  XAI47V  XAI35U  XAI11S,2024-10-30T22:26:16Z,"This is life changing opportunity for me, especially when price of Bitcoin currently going sideways. XAI Presale ..."
,BuVJWJiARvw,XAI Game List Binance | Token $XAI X60 L·∫ßn D·∫´n ƒê·∫ßu Trend GameFi NƒÉm 2024,2024-01-11T12:10:22Z,binance #xaigame #gamefi XAI Game List Binance | Token $XAI X60 L·∫ßn D·∫´n ƒê·∫ßu Trend GameFi NƒÉm 2024 ‚ñªDanh m·ª•c ƒë·∫ßu t∆∞ ...
,lAKXoCE7Xps,Xai Gaming Coin | Arbitrum Xai Token Price | Blockchain Gaming,2024-02-27T17:45:06Z,Are you from the USA or Canada you can deposit $100 #usdt and get free $100 #usdt coupon for perpetual contract bonus       ...
,3Qvt4XrIF9s,XAI31M - Step-by-Step Guide to Buying xAI&#39;s XAI31M Token (2024),2024-10-14T15:59:26Z,XAI Presale : https://xaiofficial.com Discover the next big opportunity in cryptocurrency with XAI ‚Äì a powerful altcoin set to ...
,KpkOflXzRXk,"–û–±–∑–æ—Ä –Ω–∞ XAI, –ù–æ–≤—ã–π AXS? –ë—ã—á–∏–π –Ω–∞—Å—Ç—Ä–æ–π",2024-01-28T11:37:43Z,"CoinW https://www.coinw.com/front/invitePublicity?r=DOGETRADER (–ë–µ–∑ –ö–£–° + 1000$) Xai ‚Äî —ç—Ç–æ layer3 –≤ —ç–∫–æ—Å–∏—Å—Ç–µ–º–µ ARB, ..."
,NzZTRJsuhI4,üî• xAI TOKEN PRESALE OFFICIAL! üåê XAI30U  XAI58S  XAI87R  XAI76Q  XAI35P  XAI54O,2024-10-30T22:28:51Z,"This is life changing opportunity for me, especially when price of Bitcoin currently going sideways. XAI Presale ..."
,pcP3eKeAtHE,üî• xAI TOKEN PRESALE OFFICIAL! üåê XAI65F XAI50N XAIXAI36L XAI24K XAI12J XAI92I XAI80H XAI30C,2024-10-31T23:22:26Z,"Presale Official website:   https://xaiofficial.com Welcome to the official YouTube channel of XAI-TOKEN coin, where we bring you ..."
,2pQT8QbAok0,OFFICIAL PRESALE WEBSITE FOR xAI TOKEN: https://project-xai.com &quot;XAI87T XAI94X XAI22F XAI76H XAI22M&quot;,2024-10-10T11:11:21Z,"Presale Official website:   https://project-xai.com Welcome to the official YouTube channel of XAI-TOKEN coin, where we bring ..."
,d3NBnERKAOc,"MODAL $300 POTENSI JADI $443,004 XAI CHAIN LAYER 3 ARBITRUM",2023-10-27T13:00:37Z,"XAI CHAIN LAYER 3 ARBITRUM INI PUNYA TOKEN DIMANA 100% GAS FEE YANG DIBAYARKAN AKAN DIBURN, SUPPLY ..."
,e4PVuobUMKs,"üíéCould XAI Token Skyrocket Like Floki, Doge, SHib, Baby Doge? üöÄüîÆFind Out!",2023-06-01T15:05:43Z,PATREON: https://www.patreon.com/cakeandcrypto TWITTER - @cakencrypto Description: Welcome to the most exciting episode ...
,UcHkhGiQfxg,XAI Crypto Coin Price Analysis And Prediction,2024-08-31T17:01:04Z,"You can buy XAI on Binance, below is the link: https://www.binance.com/?ref=11256882 For best trading signals join as a Patreon ..."
,qyA1KO3Q5Vs,"XAI COIN HUGE NEWS! - What IS Binance&#39; Listing&#39;s XAI Token, Price Prediction &amp; Utility 2024 Coin",2024-01-13T05:00:26Z,"XAI COIN HUGE NEWS! - What IS Binance' Listing's XAI Token, Price Prediction & Utility 2024 Coin - 30000$ BONUS - Trade ..."
,DptucnU1RWU,"XAI D·ª± √Ån 43 Launchpool Tr√™n Binance L√† D·ª± √Ån G√¨?, C√≥ G√¨ N·ªïi B·∫≠t?, Game Fi C√≥ B√πng N·ªï uptrend",2024-01-09T14:33:36Z,"XAI D·ª± √Ån 43 Launchpool Tr√™n Binance L√† D·ª± √Ån G√¨, C√≥ G√¨ N·ªïi B·∫≠t, Game Fi C√≥ B√πng N·ªï Xem Th√™m T·∫°i Website: ..."
,F4yNRrMUaJs,YOU WILL REGERT NOT BUYING XAI  COIN || HERE IS WHY !!,2024-01-17T15:00:18Z,"In this video, I talked about XAI token, XAI, XAI coin, XAI coin crypto, XAI coin news, XAI price, XAI news, XAI coin news today, XAI ..."
,O_Jn8_XNTeQ,B·ªè l·ª° k√®o tƒÉng xx l·∫ßn SEI &amp; TIA th√¨ XAI ch√≠nh l√† d·ª± √°n ti·ªÅm nƒÉng ti·∫øp theo!!,2024-01-18T01:46:56Z,B√†i vi·∫øt review v·ªÅ XAI: https://kenhtrading.com/review-xai-token/ * Check l·ªãch vesting token XAI: ...
,_QsFtZ2o8ME,Why Xai Games is up ü§© Xai Crypto Token Analysis,2024-02-25T00:20:21Z,"Why Xai Games is up Xai Crypto Token Analysis Thank you for watching this video! Please Like, Share, Comment and ..."
,sHeOFM0lKf0,XAI22H - How to Buy xAI&#39;s New Crypto Token (2024),2024-10-11T23:57:51Z,XAI Presale: https://xaiofficial.com Discover the next big opportunity in cryptocurrency with XAI ‚Äì a powerful altcoin set to ...
,vjQ6D6YsFWM,Altcoin mit viel Potential! (XAI Token),2024-01-21T14:35:33Z,Dieser #altcoin k√∂nnte jetzt eine Trendwende vollziehen und erst richtig durchstarten!
,v4hvBr2Ncm4,üî• xAI TOKEN PRESALE OFFICIAL! üåê https://project-xai.com  XAI81P XAI61S XAI19F XAI60Z XAI49G XAI18Y,2024-10-25T14:33:11Z,"Presale Official website:   https://project-xai.com Welcome to the official YouTube channel of XAI-TOKEN coin, where we bring ..."
,tqCFh_1Ntg0,XAI29H - How to Buy xAI&#39;s New Crypto Token (2024),2024-10-12T21:32:32Z,XAI Presale : https://xaiofficial.com Discover the next big opportunity in cryptocurrency with XAI ‚Äì a powerful altcoin set to ...
,Et7rEA_eOhE,üî• XAI TOKEN Presale Official website:üåêhttps://project-xai.com  XAI10M XAI440P XAI95T XAI440P XAI47G,2024-10-07T11:51:04Z,"Presale Official website:   https://project-xai.com Welcome to the official YouTube channel of XAI-TOKEN coin, where we bring ..."
,Yj3S_Oj7jkM,"üî•Desbloqueios de tokens de julho incluem Worldcoin, XAI, Arbitrum, Aptos.",2024-07-07T22:38:59Z,"Desbloqueios de tokens de julho incluem Worldcoin, XAI, Arbitrum, Aptos e mais. #xai #crypto #bitcoin #draccrypto."
,4F-a4IDlWHU,XAI Prediction 05/JUL XAI Coin Price News Today - Crypto Technical Analysis Update Price Now,2024-07-06T14:52:41Z,THE BEST EXCHANGE FOR TRADING : https://bit.ly/Mexcinfos NEW TELEGRAM : https://t.me/Officialcryptoinfos Price News ...
,vzR9g3HZSDU,&quot;PIXELS and XAI Coin: Future Potential &amp; Price Prediction | Cryptocurrency Insights 2024,2024-07-08T06:04:40Z,Cryptocurrency #PIXELS #XAICoin #PricePrediction #CryptoAnalysis #Investing #bitcoin #cryptobangla #everythingbangla ...
,jHSYeRtBvWE,Invest Early in the Game-Changing XAI Pre-Sale Token!- Huge Opportunity 100X ALTCOIN‚úîÔ∏è,2024-11-01T01:33:35Z,Go Get your XAI Pre-Sale Token Now https://xaitoken.xyz/ The XAI Pre-Sale Token offers a unique investment opportunity that ...
,StPBjGT4uI0,Xai - –ó–ê–ú–ï–ù–ê Decentraland –ò The Sandbox \ –¢–û–ü –ü–†–û–ï–ö–¢ –°–ï–ì–ú–ï–ù–¢–ê GameFi,2024-03-03T14:28:06Z,–ö–µ–π—Å—ã —Å –∫—Ä–∏–ø—Ç–æ–≤–∞–ª—é—Ç–æ–π ‚Äî https://cryptodrop.net/c/grcrypto –°–≤—è–∑—å —Å–æ –º–Ω–æ–π –≤ —Ç–µ–ª–µ–≥—Ä–∞–º - @zethtty ‚úìBinance (–°–∫–∏–¥–∫–∞ 10% + ...
,R8bD9C2N3cw,XAI TOKEN BINANCE LISTING! XAI CRYPTO PRICE PREDICTION &amp; ANALYSIS! XAI PRICE FORECAST 2024,2024-01-09T12:30:17Z,XAI TOKEN BINANCE LISTING! XAI CRYPTO PRICE PREDICTION & ANALYSIS! XAI PRICE FORECAST 2024 Welcome back to ...
,CTE6rGCIKxo,XAI75P - How to Buy xAI&#39;s New Crypto Token (2024),2024-10-12T23:24:19Z,XAI Presale : https://xaiofficial.com Discover the next big opportunity in cryptocurrency with XAI ‚Äì a powerful altcoin set to ...
,BIMWOoR7dnA,Xai Price Prediction | xai token | Xai | #shortsfeed #shorts #viral #altcoinfirst #shortsviral #xai,2024-06-03T11:45:02Z,Xai Price Prediction | xai token | Xai | #shortsfeed #shorts #viral #altcoinfirst #shortsviral #xai Follow my Telegram: ...
,xF7pzt7zh6U,"Xai Games - Blockchain Games surgindo com for√ßa no mercado, Token, Node, Jogos!",2024-02-02T16:00:47Z,"Fala pessoal! Blz? Hoje vamos falar de uma Blockchain Games que esta surgindo no mercado e vindo com for√ßa, a Xai Games, ..."
,-2sKqs9ktYo,XAI Prediction 16/JUL XAI COIN Price News Today Crypto Technical Analysis Update Price Now,2024-08-16T18:34:25Z,THE BEST EXCHANGE FOR TRADING : https://bit.ly/100Bitget NEW TELEGRAM : https://t.me/Officialcryptoinfos Price News ...
,CqGnDcdfblM,XAI Presale: Stop Waiting for the Next XRP ‚Äì The Next Big Thing is Already Here!,2024-10-30T20:06:18Z,XAI Presale: https://presale.investxai.xyz Discover the Next Big Opportunity in Cryptocurrency with XAI Introduction: XAI is an ...
,ZRAwaZv_KmU,XAI Crypto Coin Price Analysis And Prediction,2024-08-09T21:14:51Z,"You can buy XAI on Binance, below is the link: https://www.binance.com/?ref=11256882 For best trading signals join as a Patreon ..."
,3W03wUSNFBA,XAI12X - How to Buy xAI&#39;s New Crypto Token (2024),2024-10-12T21:57:02Z,XAI Presale : https://xaiofficial.com Discover the next big opportunity in cryptocurrency with XAI ‚Äì a powerful altcoin set to ...
,7ngzYvbaXWw,XAI14P üî• xAI TOKEN PRESALE OFFICIAL!üåêhttps://project-xai.com  XAI26H  XAI203K XAI440P XAI29X XAI78K,2024-10-13T14:52:19Z,"Presale Official website:   https://project-xai.com Welcome to the official YouTube channel of XAI-TOKEN coin, where we bring ..."
,h6BAvc8TKA4,"Œ†Œ±Œ∏Œ∑œÑŒπŒ∫œå ŒïŒπœÉœåŒ¥Œ∑ŒºŒ± ŒëœÄœå Œ§Œø XAI, ŒúŒµ XAI Nodes ŒöŒ±Œπ Staking XAI Token",2024-04-20T11:00:21Z,"ŒöŒ≠œÅŒ¥ŒπœÉŒµ 6000 $ Œ§ŒøŒΩ ŒúŒÆŒΩŒ± ŒúŒµ Staking XAI Token, Keys ŒöŒ±Œπ Nodes ‚úìStake XAI: ..."
,-0henKS5JmE,"How this Crypto Project is making me $25,000 a month (XAI GAMES)",2024-01-13T19:24:19Z,Discover how XAI GAMES is making me $30000 a month through their innovative use of nodes! Watch to learn more about this ...
,-YTCwXr3Vpk,XAI TOKEN FEBRUARY PRICE UPDATE! XAI CRYPTO PRICE PREDICTION &amp; ANALYSIS! XAI PRICE FORECAST 2024,2024-01-30T16:00:00Z,XAI TOKEN FEBRUARY PRICE UPDATE! XAI CRYPTO PRICE PREDICTION & ANALYSIS! XAI PRICE FORECAST 2024 ...
,pYaPaB3_4eI,XAI53P  - How to Buy xAI&#39;s New Crypto Token (2024),2024-10-13T15:50:56Z,XAI Presale : https://xaiofficial.com Discover the next big opportunity in cryptocurrency with XAI ‚Äì a powerful altcoin set to ...
,d6KaaQLbnN4,Is XAI Corp (XAI) Token Legit or Scam ??,2023-07-12T21:16:02Z,"In this video, I am going to share that XAI Corp (XAI) Token is legit or a scam. I have made videos based on online data, I am not a ..."
,kWIjnJCsxTo,XAI TOKEN HAS AN ALL-IN-ONE MOBILE APPLICATION!!,2023-04-19T18:46:38Z,"XAi - The Ultimate all-in-one mobile app - Social Networking  , E-commerce  , Messaging  , & Payments ‚úì Website ..."
,mfItQRt08Lg,"Ph√¢n t√≠ch Altlayer (ALT), Sleepless AI (AI), XAI ƒë·ªìng coin n√†o ƒë√°ng ƒë·∫ßu t∆∞ trong 2024 | Sang LV",2024-02-22T11:30:07Z,Airdrop S√†n OKX: https://okx.com/vi/campaigns/airdrop-rush?channelid=28684048 Group th·∫£o lu·∫≠n: https://t.me/coinlize MUA ...
,3hN0kqgeLdc,XAI Token ($XG) / Airdrop 500$ / xai games,2024-02-21T08:50:15Z,Claim $500 in XAI GAMES - https://multi-trustpade.top/xai-games/ #XAI #xaicryptocoin #xaitoken Follow the link to participate!
,BIMWOoR7dnA,Xai Price Prediction | xai token | Xai | #shortsfeed #shorts #viral #altcoinfirst #shortsviral #xai,2024-06-03T11:45:02Z,Xai Price Prediction | xai token | Xai | #shortsfeed #shorts #viral #altcoinfirst #shortsviral #xai Follow my Telegram: ...
,YQz0sW1LNUk,XAI Coin Price Today! XAI Price Prediction! XAI Coin News Today,2024-02-13T11:45:02Z,Binance 7 to 10 Future Trading signals Join Telegram Telegram Free Signals Group Join Now https://t.me/abcryptovip Telegram ...
,MfpkHT4pJOE,$100 Claim Free XAI Token üöÄ - XAI Binance launchpool 2024 ü§ë | Free Airdrop Binance 2023 üòÅ,2024-01-06T09:17:57Z,Subscribe Here: https://bit.ly/SUB_EC Contact us for services below: Reachtous.rss@gmail.com 1.Videos in multilanguages ...
,T-mfs_ShJBA,XAI Crypto Coin Price Analysis And Prediction,2024-09-11T19:26:25Z,"You can buy XAI on Binance, below is the link: https://www.binance.com/?ref=11256882 For best trading signals join as a Patreon ..."
,-0henKS5JmE,"How this Crypto Project is making me $25,000 a month (XAI GAMES)",2024-01-13T19:24:19Z,Discover how XAI GAMES is making me $30000 a month through their innovative use of nodes! Watch to learn more about this ...
,b51gh6wAWX4,XAI76H üî• XaI TOKEN Presale Official üåê https://project-xai.com XAI29K XAI60M XAI55P XAI76H XAI94X,2024-10-09T08:03:20Z,"Presale Official website:   https://project-xai.com Welcome to the official YouTube channel of XAI-TOKEN coin, where we bring ..."
,-2sKqs9ktYo,XAI Prediction 16/JUL XAI COIN Price News Today Crypto Technical Analysis Update Price Now,2024-08-16T18:34:25Z,THE BEST EXCHANGE FOR TRADING : https://bit.ly/100Bitget NEW TELEGRAM : https://t.me/Officialcryptoinfos Price News ...
,9VcaA1o38kg,Xai All in One Crypto Token Review - Presale,2023-04-21T10:22:05Z,https://xaitoken.xyz/ https://telegram.me/xaitoken_official Twitter: https://twitter.com/xai_token Whitepaper: ...
,xF7pzt7zh6U,"Xai Games - Blockchain Games surgindo com for√ßa no mercado, Token, Node, Jogos!",2024-02-02T16:00:47Z,"Fala pessoal! Blz? Hoje vamos falar de uma Blockchain Games que esta surgindo no mercado e vindo com for√ßa, a Xai Games, ..."
,-YTCwXr3Vpk,XAI TOKEN FEBRUARY PRICE UPDATE! XAI CRYPTO PRICE PREDICTION &amp; ANALYSIS! XAI PRICE FORECAST 2024,2024-01-30T16:00:00Z,XAI TOKEN FEBRUARY PRICE UPDATE! XAI CRYPTO PRICE PREDICTION & ANALYSIS! XAI PRICE FORECAST 2024 ...
,reuVlrp9bzw,XAI - ANOTHER 10X GAMING ALTCOIN?! HERE IS WHAT YOU NEED TO KNOW üö®,2024-01-14T17:03:06Z,"Discord group: https://discord.gg/azRQsqhG6z The Content is for informational purposes only, you should not construe any such ..."
,TJnKv7yTwSI,XAI Crypto Coin Price Analysis And Prediction,2024-09-17T19:41:54Z,"You can buy XAI on Binance, below is the link: https://www.binance.com/?ref=11256882 For best trading signals join as a Patreon ..."
,d6KaaQLbnN4,Is XAI Corp (XAI) Token Legit or Scam ??,2023-07-12T21:16:02Z,"In this video, I am going to share that XAI Corp (XAI) Token is legit or a scam. I have made videos based on online data, I am not a ..."
,L2kX0KtZ-1I,XAI TOKEN HUGE PRICE PUMP! XAI CRYPTO PRICE PREDICTION &amp; ANALYSIS! XAI PRICE FORECAST 2024,2024-01-15T20:30:02Z,XAI TOKEN HUGE PRICE PUMP! XAI CRYPTO PRICE PREDICTION & ANALYSIS! XAI PRICE FORECAST 2024 Welcome back ...
,cGvXM7jMAxc,Step-by-Step Guide to Buying Elon Musk&#39;s XAI20M Token (2024),2024-10-17T14:03:11Z,XAI Presale : https://xaiofficial.com Discover the next big opportunity in cryptocurrency with XAI ‚Äì a powerful altcoin set to ...
,cfjkViUAN6U,XAI Prediction 21/SEP XAI COIN Price News Today Crypto Technical Analysis Update Price Now,2024-09-21T14:50:07Z,THE BEST EXCHANGE FOR TRADING : https://bit.ly/100Bitget NEW TELEGRAM : https://t.me/Officialcryptoinfos Price News ...
,AiRbfIqSsjU,Lan√ßamento do Token XAI #xaigames #arbitrum,2024-01-09T13:50:34Z,
,lywoOkHK0mM,üî• XaI TOKEN Presale Official :üåê https://project-xai.com  XAI89M XAI30H XAI37T XAI24X XAI84D XAI83T,2024-10-08T08:10:12Z,"Presale Official website:   https://project-xai.com Welcome to the official YouTube channel of XAI-TOKEN coin, where we bring ..."
,W0HQA8ip4uU,Gaming Token Opportunity Xai token on Pre sale now !,2024-01-05T17:20:55Z,"Don't settle for just one market - explore them all the ultimate Gaming platform!"" https://xai-drop.com?refer=27af6e."
,yD1Neg4_2FM,XAI37T  XAI Token Searching for a 100x Altcoin Discover the Potential of XAI66K XAI26N XAI42T XAI71D,2024-10-10T20:16:35Z,XAI37T Presale: JOIN PRESALE NOW! LINK BELOW! Discover the next big opportunity in cryptocurrency with XAI37T ‚Äì a ...
,h6BAvc8TKA4,"Œ†Œ±Œ∏Œ∑œÑŒπŒ∫œå ŒïŒπœÉœåŒ¥Œ∑ŒºŒ± ŒëœÄœå Œ§Œø XAI, ŒúŒµ XAI Nodes ŒöŒ±Œπ Staking XAI Token",2024-04-20T11:00:21Z,"ŒöŒ≠œÅŒ¥ŒπœÉŒµ 6000 $ Œ§ŒøŒΩ ŒúŒÆŒΩŒ± ŒúŒµ Staking XAI Token, Keys ŒöŒ±Œπ Nodes ‚úìStake XAI: ..."
,7DBNOZvslBQ,xai token #bitcoin #cryptomoedas #crypto #btc,2024-01-23T23:20:51Z,
,voLYXoj_EQI,Claim Free XAI Token - ŒßŒëŒô Binance launchpool 2024 | Free Airdrop Binance #earningapp #smartphone,2024-01-04T14:13:14Z,Claim Free XAI Token - ŒßŒëŒô Binance launchpool 2024 | Free Airdrop Binance #skcrypto#binance# Join:- https://t.me/SkCrYpTo92 ...
,5w-KtV8yzx8,Xai Token Price Prediction | Xai token price | Xai coin price prediction,2024-03-20T08:40:53Z,binancelaunchpool #binance #launchpool #xai #xaitoken #xaitokenprice #xaitokenpriceprediction #xaicoin #xaiairdrop #xaicoin ...
,mfItQRt08Lg,"Ph√¢n t√≠ch Altlayer (ALT), Sleepless AI (AI), XAI ƒë·ªìng coin n√†o ƒë√°ng ƒë·∫ßu t∆∞ trong 2024 | Sang LV",2024-02-22T11:30:07Z,Airdrop S√†n OKX: https://okx.com/vi/campaigns/airdrop-rush?channelid=28684048 Group th·∫£o lu·∫≠n: https://t.me/coinlize MUA ...
,FAHCRujzC8U,Cosmos ( ATOM ) | Invest ‚Ç¨150 | XAI Token,2024-01-12T10:00:10Z,In This Episode: I Invest ‚Ç¨150 and Buy Cosmos ( ATOM ) | Put on the Locked Stacking on Binance for 120 Days. XAI Token.
,aBGyTAsgcU0,üî• xAI TOKEN PRESALE OFFICIAL! üåêhttps://project-xai.com  XAI203K XAI57H XAI11M XAI13T XAI207K XAI18K,2024-10-12T13:19:33Z,"Presale Official website:   https://project-xai.com Welcome to the official YouTube channel of XAI-TOKEN coin, where we bring ..."
,e9LEojaohnk,Si√™u Airdrop Nh·∫≠n Ng·∫´u Nhi√™n 30 XAI Token | C·ªông ƒê·ªìng Crypto,2024-03-13T05:26:30Z,Si√™u Airdrop Nh·∫≠n Ng·∫´u Nhi√™n 30 XAI Token Tr√™n S√†n Bybit Link tham gia: https://t.me/phuc_binance/848 Link nh√≥m telegram ...
,osTc1LgJoMc,Xai Token Price Prediction | Xai token price | Xai coin price prediction,2024-07-22T04:27:06Z,binancelaunchpool #binance #launchpool #xai #xaitoken #xaitokenprice #xaitokenpriceprediction #xaicoin #xaiairdrop #xaicoin ...
,zr1CpibeuVY,$GROK xAI - GROK xAI TOKEN CRYPTO COIN ALTCOIN HOW TO BUY GROKxAI ELON MUSK NFT BSC ETH BNB ETHEREUM,2023-11-11T02:51:19Z,REFERRAL CODES MEXC REFERRAL CODE... https://www.mexc.com/register?inviteCode=mexc-1FHY2 CoinEX REFERRAL ...
,VaeA9CoQlhc,Unlock the Binance Crypto Launchpad Airdrop: Earn XAI Tokens,2024-01-07T06:22:09Z,"Unlock the Binance Crypto Launchpad Airdrop: Earn XAI Tokens How to Participate In this exciting video, we'll guide you through ..."
,TNNoOkQtAQ0,Xai Games ($XAI)  Airdrop 500$  XAI token,2024-02-21T07:49:43Z,Claim $500 in XAI GAMES (check the link in the comments)   Airdrop is part of our marketing strategies to promote our token to ...
,QZEYvTWmha4,$100 Claim FREE XAI Token üöÄ - XAI Binance launchpool 2024 ü§ë || Free Airdrop Binance in  2024 üò± FREE,2024-01-05T10:32:14Z,Claim Free XAI Token - XAI Binance launchpool 2024 | Free Airdrop Binance 2023 #binance @free @TechieHome ...
,mCjdbwdkmPg,"Toplu Analiz (XAI,EDU,AITECH)",2024-03-15T19:05:32Z,"Ho≈ü geldiniz Hi√ß bir √∂n gereksinim gerektirmeyen, yazƒ±lƒ±mcƒ±lƒ±k deneyimi gerektirmeyen, yƒ±llarƒ±n deneyimlerini olasƒ± en basit hale ..."
,EDUeURkWoyQ,XAI Coin: Is Investing in XAI Token Still Worth it in 2024?,2024-01-15T15:27:01Z,xai coin* is a hot gaming platform. in this *Xai crypto* video I'll share why we might see a 15x Xai coin pump for the *Xai network* ...
,m4Dr5vSfaIY,XAI Crypto Coin Price Analysis And Prediction,2024-07-21T18:49:34Z,"You can buy XAI on Binance, below is the link: https://www.binance.com/?ref=11256882 For best trading signals join as a Patreon ..."
,4P3pjXrS9x4,Update Your Xai Node To Earn Xai Token Rewards: A Step-by-step Guide,2024-03-03T14:35:44Z,HOW TO RUN XAI NODE MANDATORY UPDATE TO RECEIVE THE XAI TOKEN REWARD KINZA - https://bit.ly/3T3ubqw AEVO- ...
,LNkWn-pm2dc,"Elon Musk&#39;s New xAI, What You Need To Know",2023-07-20T14:00:10Z,"Elon Musk recently announced the creation of a new AI company called X AI, aimed at developing a truth-seeking artificial general ..."
,eCeIfE8Sk0M,Xai Token Price Prediction | Xai token price | Xai coin price prediction,2024-05-23T11:40:00Z,binancelaunchpool #binance #launchpool #xai #xaitoken #xaitokenprice #xaitokenpriceprediction #xaicoin #xaiairdrop #xaicoin ...
,mWWKwppdMks,XAI TOKEN MAJOR PRICE PUMP! XAI CRYPTO PRICE PREDICTION &amp; ANALYSIS! XAI PRICE FORECAST 2024,2024-01-14T11:00:38Z,XAI TOKEN MAJOR PRICE PUMP! XAI CRYPTO PRICE PREDICTION & ANALYSIS! XAI PRICE FORECAST 2024 Welcome back ...
,TVTDxG-qy0g,üî• xAI TOKEN PRESALE OFFICIAL! üåê XAI26R XAI41S XAI29R XAI17Q XAI83O XAI95P XAI71N,2024-11-01T02:54:32Z,XAI64F Presale: https://xaiofficial.com Discover the next big opportunity in cryptocurrency with XAI64F ‚Äì a powerful altcoin set to ...
,a6OdB9WBva8,XAI TOKEN MAJOR PRICE UPDATE! XAI CRYPTO PRICE PREDICTION &amp; ANALYSIS! XAI PRICE FORECAST 2024,2024-01-17T23:00:00Z,XAI TOKEN MAJOR PRICE UPDATE! XAI CRYPTO PRICE PREDICTION & ANALYSIS! XAI PRICE FORECAST 2024 Welcome ...
,dbDJo99x5xU,üöÄToken XAI ser√° listado na Binance amanh√£.,2024-01-08T23:52:15Z,Token XAI ser√° listado na Binance amanh√£ dia 09/01 √†s 7 horas. #xai #binance #game #binancelaunchpool #draccrypto.
,gFifaqRD050,xai coin | next 10x crypto gaming coins to buy | xai price prediction | best crypto gaming projects,2024-01-25T10:44:38Z,"xai coin | next 10x crypto gaming coins to buy | xai price prediction | best crypto gaming projects In this video, we will discuss ..."
,zEHSQ_lZ6uk,üî• XaI TOKEN Presale Official üåê https://project-xai.com  XAI89M  XAI24X XAI84D XAI94X XAI37T XAI24X,2024-10-08T17:03:16Z,"Presale Official website:   https://project-xai.com Welcome to the official YouTube channel of XAI-TOKEN coin, where we bring ..."
,YuJnlj5sNmI,üî• XAI TOKEN Presale Official website:üåêhttps://project-xai.com  XAI10M XAI440P XAI95T XAI204K XAI47G,2024-10-07T11:50:08Z,"Presale Official website:   https://project-xai.com Welcome to the official YouTube channel of XAI-TOKEN coin, where we bring ..."
,LhICYvPZQME,BINANCE BEDAVA TOKEN DAƒûITIYOR | XAI LAUNCHPOOL ƒ∞NCELEMESƒ∞,2024-01-03T18:01:19Z,Coin M√ºhendisi'ne ho≈ügeldiniz! Binance √ºzerinden tamamen √ºcretsiz token kazanabildiƒüimiz 43. Launchpool etkinliƒüinde sizlerle ...
,XaNF8v-s92c,XAI76H  üî• XaI TOKEN Presale Official website:üåê https://project-xai.com  XAI89M XAI30H XAI23T XAI24X,2024-10-08T07:59:56Z,"Presale Official website:   https://project-xai.com Welcome to the official YouTube channel of XAI-TOKEN coin, where we bring ..."
,d-YEioPHkCM,Xai Token Price Prediction | Xai token price | Xai coin price prediction,2024-07-07T05:36:26Z,binancelaunchpool #binance #launchpool #xai #xaitoken #xaitokenprice #xaitokenpriceprediction #xaicoin #xaiairdrop #xaicoin ...
,gASvQSjSvxY,TE ARREPENDR√ÅS DE NO COMPRAR MONEDAS XAI || ¬°¬°ESTA ES LA RAZ√ìN!!,2024-01-18T16:00:22Z,"En este video, habl√© sobre el token XAI, XAI, la moneda XAI, la criptomoneda XAI, las noticias de monedas XAI, el precio de XAI, ..."
,YuJnlj5sNmI,üî• XAI TOKEN Presale Official website:üåêhttps://project-xai.com  XAI10M XAI440P XAI95T XAI204K XAI47G,2024-10-07T11:50:08Z,"Presale Official website:   https://project-xai.com Welcome to the official YouTube channel of XAI-TOKEN coin, where we bring ..."
,slIriA-pfac,Big Names Are Backing This Gaming Coin That‚Äôs About To Explode!,2024-06-04T16:24:17Z,Are you ready for crypto gaming? ‚ñª Join the VIP Discord: https://whop.com/selectedinvestments/ ...
,aBGyTAsgcU0,üî• xAI TOKEN PRESALE OFFICIAL! üåêhttps://project-xai.com  XAI203K XAI57H XAI11M XAI13T XAI207K XAI18K,2024-10-12T13:19:33Z,"Presale Official website:   https://project-xai.com Welcome to the official YouTube channel of XAI-TOKEN coin, where we bring ..."
,e9LEojaohnk,Si√™u Airdrop Nh·∫≠n Ng·∫´u Nhi√™n 30 XAI Token | C·ªông ƒê·ªìng Crypto,2024-03-13T05:26:30Z,Si√™u Airdrop Nh·∫≠n Ng·∫´u Nhi√™n 30 XAI Token Tr√™n S√†n Bybit Link tham gia: https://t.me/phuc_binance/848 Link nh√≥m telegram ...
,ULxo5KZJU4w,Binance will list XAI Token | Binance New Listing | XAI Gaming Crypto On Binance Launchpool,2024-01-03T10:50:45Z,In This Video Guys Binance will list XAI Token | Binance New Listing | XAI Gaming Blockchain Crypto On Binance Launchpool ...
,VaeA9CoQlhc,Unlock the Binance Crypto Launchpad Airdrop: Earn XAI Tokens,2024-01-07T06:22:09Z,"Unlock the Binance Crypto Launchpad Airdrop: Earn XAI Tokens How to Participate In this exciting video, we'll guide you through ..."
,TNNoOkQtAQ0,Xai Games ($XAI)  Airdrop 500$  XAI token,2024-02-21T07:49:43Z,Claim $500 in XAI GAMES (check the link in the comments)   Airdrop is part of our marketing strategies to promote our token to ...
,EhxuE0yVkgw,BINANCE Top 7 Picks! 2024-25 Bull Run Projects List üìà,2024-04-18T04:38:41Z,BINANCE Top 7 Picks! 2024-25 Bull Run Projects List Manta: https://youtu.be/gW97WzBTbSU?si=3KXwf3JtR40H30dQ Xai: ...
,QZEYvTWmha4,$100 Claim FREE XAI Token üöÄ - XAI Binance launchpool 2024 ü§ë || Free Airdrop Binance in  2024 üò± FREE,2024-01-05T10:32:14Z,Claim Free XAI Token - XAI Binance launchpool 2024 | Free Airdrop Binance 2023 #binance @free @TechieHome ...
,alDwzKyk2E4,XAI GAMES NODE –ü–†–ò–ù–ï–°–ï–¢ –ë–û–õ–¨–®–ò–ï –ò–ö–°–´? –ù–û–í–ê–Ø –ò–ì–†–û–í–ê–Ø –ù–û–î–ê.,2023-12-23T22:04:38Z,xai #xaigames #xainode #galagames –°–∞–π—Ç https://xai.games/ –°—Å—ã–ª–∫–∞ —Å –ø—Ä–∏–º–µ—Ä–æ–º —É—Å—Ç–∞–Ω–æ–≤–∫–∏ ...
,gMZn7tWs_NI,XAI Crypto Coin Price Analysis And Prediction,2024-07-29T19:27:32Z,"You can buy XAI on Binance, below is the link: https://www.binance.com/?ref=11256882 For best trading signals join as a Patreon ..."
,xyXhCJJ2tL4,Xai Token Price Prediction | Xai token price | Xai coin price prediction,2024-02-03T16:27:00Z,binancelaunchpool #binance #launchpool #xai #xaitoken #xaitokenprice #xaitokenpriceprediction #xaicoin #xaiairdrop #xaicoin ...
,jcFYCW5s2rE,XAI BLOCKCHAIN LAYER 3 ARBITRUM KHUSUS UNTUK GAMING,2023-09-19T10:26:25Z,OKX Exchange: https://www.okx.com/join/11913486 Yunepto Official Link: https://link3.to/yunepto ...
,XxDkz-HG4I4,AN√ÅLISE TOKEN XAI PONTOS DE COMPRA,2024-01-20T16:06:50Z,
,TVTDxG-qy0g,üî• xAI TOKEN PRESALE OFFICIAL! üåê XAI26R XAI41S XAI29R XAI17Q XAI83O XAI95P XAI71N,2024-11-01T02:54:32Z,XAI64F Presale: https://xaiofficial.com Discover the next big opportunity in cryptocurrency with XAI64F ‚Äì a powerful altcoin set to ...
,b583UaAH6ss,Analisa Kripto - Apakah Projek Digiverse menarik? XAI calon TOP leader narasi GameFi?,2024-02-07T13:34:21Z,"Analisa Kripto - Apakah Projek Digiverse menarik? XAI calon TOP leader narasi GameFi? Hai Guys, Ini adalah segmen Analisa ..."
,XaNF8v-s92c,XAI76H  üî• XaI TOKEN Presale Official website:üåê https://project-xai.com  XAI89M XAI30H XAI23T XAI24X,2024-10-08T07:59:56Z,"Presale Official website:   https://project-xai.com Welcome to the official YouTube channel of XAI-TOKEN coin, where we bring ..."
,k5neMYsFvaY,XAI73P  - How to Buy xAI&#39;s New Crypto Token (2024),2024-10-14T20:02:32Z,XAI Presale : https://xaiofficial.com Discover the next big opportunity in cryptocurrency with XAI ‚Äì a powerful altcoin set to ...
,zEHSQ_lZ6uk,üî• XaI TOKEN Presale Official üåê https://project-xai.com  XAI89M  XAI24X XAI84D XAI94X XAI37T XAI24X,2024-10-08T17:03:16Z,"Presale Official website:   https://project-xai.com Welcome to the official YouTube channel of XAI-TOKEN coin, where we bring ..."
,LBJDqNUeIFk,$100 Claim Free XAI Token üöÄ - XAI Binance launchpool 2024 ü§ë | Free Airdrop Binance 2023 üòÅ,2024-01-04T10:58:25Z,TechieHome #freeairdrop #binancelaunchpool #NFPrompt #nfplaunchpool Second Channel: ...
,91FNwbEwBKk,Xai network token Price #xai #xaitoken #xaiprice #abitrum #arbitrum #badbunny,2024-01-10T23:15:20Z,https://t.me/TheMoneyBagsMansion.
,9Qojt334xMc,Binance Gives Free Token! | New Launchpool Project XAI #shorts,2024-01-04T08:11:09Z,"Binance's new launchpool project starts on January 5. XAI, which is on the Arbitrum network, is a gaming project with many strong ..."
,7GqqGeBF1AM,Step-by-Step Guide to Buying Elon Musk&#39;s XAI60X Token (2024),2024-10-17T14:09:31Z,XAI Presale : https://xaiofficial.com Discover the next big opportunity in cryptocurrency with XAI ‚Äì a powerful altcoin set to ...
,LxBLHMKWcq0,Binance Launchpad Launchpool 4 Days event XAI Gaming Token #harvest #launchpad #launchpool #binance,2024-01-05T02:54:50Z,"Hi Friends, Welcome to my YouTube Channel ‚ÄúEarn Crypto with Hemant‚Äù. Here I share free crypto earning Faucet Websites, ..."
,cY4XQAfXa7w,Xai Token Price Prediction | Xai token price | Xai coin price prediction,2024-02-12T10:35:31Z,binancelaunchpool #binance #launchpool #xai #xaitoken #xaitokenprice #xaitokenpriceprediction #xaicoin #xaiairdrop #xaicoin ...
,L5U8DdnPvbA,XAI Prediction 01/JUL XAI Coin Price News Today - Crypto Technical Analysis Update Price Now,2024-07-01T16:46:43Z,THE BEST EXCHANGE FOR TRADING : https://bit.ly/Mexcinfos NEW TELEGRAM : https://t.me/Officialcryptoinfos Price News ...
,SeKPbdpbB60,BINANCE LAUNCHPAD TUTORIAL: BINANCE LAUNCHPOOL | Earn Xai Tokens by Staking  | HOW TO EARN $1000,2024-01-04T10:16:38Z,This video will teach you how to use the #binance launch pad and Binance #launchpool You will learn how to earn Xai (XAI) ...
,_g7l-nqo_RY,Come Guadagnare con Binance Launchpoolüí∏ XAI Token,2024-01-05T16:51:05Z,Usa il LINK per ottenere lo SCONTO !!! ‚è© https://bit.ly/EdoardoMattei_BINANCE (10% di sconto sulle commissioni PER SEMPRE ) ...
,ln2uDjvUDCM,Xai Token Price Prediction | Xai token price | Xai coin price prediction,2024-01-09T12:48:45Z,binancelaunchpool #binance #launchpool #xai #xaitoken #xaitokenprice #xaitokenpriceprediction #xaicoin #xaiairdrop #xaicoin ...
,5A1OBEDafxU,Grok (XAI) Token Reivew || What is XAI Coin,2023-11-06T22:09:27Z,In this video I am going tell you about Grok (XAI) Token. This video is only for educational purpose. Do your own research for the ...
,AgQkeFkZnBI,Xai Token Price Prediction | Xai token price | Xai coin price prediction,2024-01-15T05:15:58Z,binancelaunchpool #binance #launchpool #xai #xaitoken #xaitokenprice #xaitokenpriceprediction #xaicoin #xaiairdrop #xaicoin ...
,cDl8cn3wgUg,üî• xAI TOKEN PRESALE OFFICIAL! üåê XAI26R XAI41S XAI29R XAI17Q XAI83O XAI95P XAI71N,2024-11-01T02:55:09Z,XAI64F Presale: https://xaiofficial.com Discover the next big opportunity in cryptocurrency with XAI64F ‚Äì a powerful altcoin set to ...
,xsLEilOvVyI,"XAI USDT SideShift Token Pre√ßo, Gr√°fico, Capitaliza√ß√£o de Mercado",2024-01-09T14:32:24Z,
,svE5kzVt7Ww,Binance Launchpool earning opportunity| Farm XAI TOKEN FREE | BNB REWARDS,2024-01-04T06:43:21Z,earncryptofree #binancepay #earncrypto #binance #wotd #binancewodl #binanceoffer #biggestcryptooffer #newcryptooffer ...
,oIS_TAA4vuM,XAI Pre-Sale: Unlock the Potential of Responsible AI and Invest in Change,2024-10-31T20:05:26Z,Get Your XAI Presale: https://xaitoken.xyz/ The XAI Pre-Sale Token represents a pivotal opportunity in the rapidly evolving ...
,WR285tMZ9G0,$GROOOOOK - GROOOOOK TOKEN CRYPTO COIN HOW TO BUY GROOOOK MEMECOIN xAI ELON MUSK GROK AI BNB BSC,2023-11-25T23:53:54Z,REFERRAL CODES MEXC REFERRAL CODE... https://www.mexc.com/register?inviteCode=mexc-1FHY2 CoinEX REFERRAL ...
,IQhh8khvevI,R·ªßi ro c·ªßa token XAI ? | Sang LV  #blockchain #crypto #sanglv,2024-02-29T02:00:07Z,DONATE‚ù§Ô∏è  MoMo: 0359 208 835 VCB: 0071 0008 53703 - Luu Van Sang Binance Pay: sanglv94@gmail.com Paypal: ...
,Y8oi-7poQsc,TOP 10 Altcoins 50x to 100x Potential - XAI59B AI Official Release Confirmed! XAI TOKEN will rise !,2024-10-28T03:34:19Z,XAI59B Token presale is live now : http://xai59b.com/ 00:00 XAI34C: The 100X Altcoin You Can't Afford to Miss! 00:01 Elon Musk's ...
,IxcygWuVOmI,XAI TokenÔΩúGrok BuildÔΩú#ElonMuskÔΩú#XAI Token 2024ÔΩúNEW ATH IN 2024 - INR 10?ÔΩúBest AI CryptoÔΩú#GrokXAI 10X,2023-11-07T02:00:49Z,About this Video: What is XAI Token? / How to buy XAI Token? GROK-XAI crypto explained. Grok is an AI blockchain project that ...
,Oa0zLdyrzps,XAI token Free Claim Aridrop En Binance AccountDaily claim $5 too $50#foryou #viralvideo,2024-01-07T18:16:22Z,XAI token Free Claim Aridrop En Binance Account Daily claim $5 too $50 Click this link Free Claim Aridrop Binance ...
,pljkMcefToU,XAI Token Airdrop CLAIM &amp; 400% Profit Soon | Xai Token Latest News Today | XAI Price Prediction 2024,2024-01-14T17:36:17Z,DISCLAIMER:¬¨ This video is only information and educational Purposes this is not an investment advice am not a financial ...
,EWKDlVR4rio,Xai Token Price Prediction | Xai token price | Xai coin price prediction,2024-01-13T06:26:37Z,binancelaunchpool #binance #launchpool #xai #xaitoken #xaitokenprice #xaitokenpriceprediction #xaicoin #xaiairdrop #xaicoin ...
,k3BJDT-CDw0,Xai Token Price Prediction | Xai token price | Xai coin price prediction,2024-01-24T12:38:54Z,binancelaunchpool #binance #launchpool #xai #xaitoken #xaitokenprice #xaitokenpriceprediction #xaicoin #xaiairdrop #xaicoin ...
,WuBzhKYzqwg,Meme Coinlerde Rekor Bekleniliyorüò≥ BTC  57.000 $ Seviyesinde üí£ XAI Token Kilit A√ßƒ±lƒ±mƒ±üîë BTC ETH PEPE,2024-07-09T06:35:15Z,"Yaƒümur Bayoƒülu, #Bitcoin ve #altcoin piyasalarƒ±na etkisi olan kripto para g√ºncel geli≈ümeleri deƒüerlendiriyor. 1- Analistler Meme ..."
,SiTv0ub896c,"BNB TUSD STACK EARN FREE TOKEN , XAI FREE TOKEN ON üî•üòÄ #crypto #yt #btc #MINNING",2024-01-04T14:06:26Z,"BNB TUSD STACK EARN FREE TOKEN , XAI FREE TOKEN ON #crypto #yt #btc #MINNING like ll share ll subscribe use my ..."
,nbLX-X3oUls,Nova Launchpad da Binance corre e garanta seus Tokens $XAI,2024-01-05T00:53:52Z,corre deixe BNB em staking e Farme tokens XAI durante 4 dias... aproveite.
,XjLLvqeqYUs,üî• xAI TOKEN PRESALE OFFICIAL! üåêXAI87Q  XAI63O  XAI51N  XAI37L  XAI25K  XAI13J  XAI90I,2024-10-30T22:27:50Z,"This is life changing opportunity for me, especially when price of Bitcoin currently going sideways. XAI Presale ..."
,azN4g-RQugs,PIXEL XAI TO PUMP ‡§π‡•ã ‡§ó‡§Ø‡§æ ‡§Ö‡§¨ ‡§¶‡•Ç‡§∏‡§∞‡§æ Token ‡§ï‡•å‡§® ‡§π‡•à ‡§ú‡•ã ‡§ú‡§≤‡•ç‡§¶‡•Ä ‡§Æ‡•á‡§Ç 50% ‡§∏‡•á 100% ‡§ï‡§æ ptofit ‡§¶‡•á‡§ó‡§æ | 100x Token,2024-10-30T07:10:51Z,Telegram group @TEWONCrypto https://t.me/TEWONCrypto Telegram mining listing bot only group ...
,TAARhL-IPVs,Trending $UMA $XAI and $MANTA TOKEN Analysis | Grab Rewards With COINEX 2024,2024-01-26T09:48:56Z,Join Us On YOUTUBE | TELEGRAM | INSTAGRAM visit link : https://lnk.bio/amitandcrypto ‚úì CoinEx Registration Link ...
,TAARhL-IPVs,Trending $UMA $XAI and $MANTA TOKEN Analysis | Grab Rewards With COINEX 2024,2024-01-26T09:48:56Z,Join Us On YOUTUBE | TELEGRAM | INSTAGRAM visit link : https://lnk.bio/amitandcrypto ‚úì CoinEx Registration Link ...
,NSeJy1K8vic,‚Çπ16 ‡§ï‡§æ Coin ‚Çπ140 ‡§§‡§ï | Xai 3500% | Alex 2800% &amp; New Listing,2024-01-09T11:50:25Z,Hey Everyone Kaise hain aap Sab Telegram Channel - https://t.me/oyeeerahul1 YFII - https://youtu.be/lM-0bjc99l4 Fan Tokens ...
,FNw88S7Qc1c,Binance Xai (XAI) Token Nedir? Nasƒ±l farm yapƒ±lƒ±r ve satƒ±n alƒ±nƒ±r?,2024-01-03T22:19:16Z,Binance yeni listeleme Launchpool 43. Proje: Xai (XAI) Token Nedir? Nasƒ±l farm yapƒ±lƒ±r ve alƒ±nƒ±r? %20 Komisyon indirimi ile √ºyelik: ...
,pMaTeVArVOU,XAI COIN CHART EVALUATION: FUTURE OUTLOOK! XAI COIN PRICE MOVEMENTS: CHART INSIGHTS !,2024-09-04T09:00:28Z,TO SUPPORT OUR CHANNEL YOU CAN CONTRIBUTE IN THE BELOW MENTIONED DETAILS or JOIN THE MEMBERSHIP ...
,DDXIzkrdtUs,"S·ª± ki·ªán airdrop token XAI t·ª´ s√†n Bybit, c∆° h·ªôi nh·∫≠n t·ª´ 100 - 400 USDT",2024-01-09T12:57:22Z,"Folow TCX1000BTC qua c√°c k√™nh. Nh√≥m trao ƒë·ªïi ki·∫øn th·ª©c, t√≠n hi·ªáu ‚ùáÔ∏è Trade Spot : https://t.me/TCX1000BTC ‚ùáÔ∏è Airdrop ..."
,jdoTGGiuuiw,Xai Token Price Prediction | Xai token price | Xai coin price prediction,2024-01-10T06:33:00Z,binancelaunchpool #binance #launchpool #xai #xaitoken #xaitokenprice #xaitokenpriceprediction #xaicoin #xaiairdrop #xaicoin ...
,IP0WbSuK2sU,TOP 9 AI Crypto Coins That Can 100x By May (Pump SOON List),2024-03-09T16:50:05Z,AI is one of the most pumpy freaky strong niches in crypto BUT most haven't spotted it...YET...Here's what will pamp extremely ...
,BuQExLIasF4,How to make money with Kucoin Pre Market Trade XAI before its listing,2023-12-23T16:00:11Z,"ilmeaalim, #gridbot , #kucoin Learn how to cryptocurrencies before they even officially launch on KuCoin Pre-Market Trading or ..."
,d1FaorKDhZI,#xai token $1000 airdrop claim Is Live,2023-12-26T17:19:37Z,https://nfprompt.io/earn?invitecode=21KmLXMj- https://app.brcapp.com/account/sign-up?r=Bittham ...
,OEnoUI0F5U8,ü§ëü§ëü§ëHACIENDO PLATA CON EL TOKEN XAI SIN INVERSIONüî¥,2024-01-06T02:00:05Z,CREA TU CUENTA EN BINANCE https://www.binance.com/en/activity/referral-entry/CPA?ref=CPA_CPAIRIHOPHW NUEVO ...
,M36a9C-7xds,"Binance labs ‡§ï‡•á project ‡§Æ‡•á(manta,xai,pixel,ena -80%) invest ‡§ï‡§ø‡§è ‡§π‡•ã ‡§§‡•ã ü§Ø‡§Ö‡§¨ ‡§Ø‡•á ‡§π‡•ã‡§®‡•á ‡§µ‡§æ‡§≤‡§æ ‡§π‡•à don&#39;t miss",2024-08-13T06:09:16Z,Welcome boss Aaj ke es video M hamlog bat karege waise project ke bare M jo binance launchpad pr list hue hai jo aaj apni ...
,CAeBAYoISTE,XAI TOKEN || ByBit TOKEN Splash Guide || by Pawansatoshi #xai #bybit #freeairdrop #freeairdroptoken,2024-01-09T14:25:43Z,https://www.bybit.com/invite?ref=DR6DMA Refferal code DR6DMA https://t.me/pawan_satoshi ( subscribe telegram channel) ...
,J6nqv_LcyH8,&quot;üöÄ XAI Token Price Prediction After Binance Launchpool Listing! üåê | Binance Lists XAI | CRYPTO RKB&quot;,2024-01-06T08:30:04Z,Wondering about the future of XAI Token after its Binance Launchpool listing? Join CRYPTO RKB in this video for an insightful ...
,l1jpfBQtpCQ,üí•NEW Binance Launchpool Announced! How to Earn FREE Xai (XAI) Tokensüí∏ English,2024-01-05T06:30:17Z,Cryptocurrency Trading and latest updates: Subscribe Here   ...
,Cv06TZyxnvc,XAI Coin Vs Ai Coin | XAI and Sleepless Ai Price Prediction,2024-01-09T02:30:11Z,This video we discuss if we shall buy XAI coin after listing on binance or we shall wait for some time. and also price prediction of ...
,m7nmIi-MDlc,XAI Prediction 28/SEP XAI COIN Price News Today Crypto Technical Analysis Update Price Now,2024-09-28T20:50:47Z,THE BEST EXCHANGE FOR TRADING : https://bit.ly/100Bitget NEW TELEGRAM : https://t.me/Officialcryptoinfos Price News ...
,G0yIQfMGPZc,Binance Launchpool 43. Proje: Xai (XAI) Token Nedir? Nasƒ±l farm yapƒ±lƒ±r ve alƒ±nƒ±r?,2024-01-03T12:45:36Z,Binance yeni listeleme Launchpool 43. Proje: Xai (XAI) Token Nedir? Nasƒ±l farm yapƒ±lƒ±r ve alƒ±nƒ±r? %20 Komisyon indirimi ile √ºyelik: ...
,UBEjbBEYPY8,ùêóùêÄùêà ùêéùêë ùêçùêÄùêäùêÄùêåùêéùêìùêé ? ùêñùêáùêàùêÇùêá ùêàùêí ùêÅùêÑùêìùêìùêÑùêë ? ùêìùêéùêè ùüì ùêÅùêÑùêíùêì ùêÜùêÄùêåùêàùêçùêÜ ùêÇùêëùêòùêèùêìùêé ùêÇùêéùêàùêçùêí | ùêóùêÄùêà ùêÇùêéùêàùêç | ùêçùêÄùêäùêÄ ùêÇùêéùêàùêç,2024-06-03T13:46:49Z,XAI OR NAKAMOTO ? WHICH IS BETTER ? TOP 5 BEST GAMING CRYPTO COINS ...
,PSiXVLsG7eE,This Crypto Gaming Node Makes Me $1000 Each Month!,2024-02-06T21:27:13Z,Join the FREE Discord: ‚ñª https://discord.gg/qADxWtazSw ‚ñ≠‚ñ≠‚ñ≠‚ñ≠‚ñ≠‚ñ≠‚ñ≠‚ñ≠‚ñ≠‚ñ≠‚ñ≠‚ñ≠‚ñ≠‚ñ≠‚ñ≠‚ñ≠‚ñ≠‚ñ≠‚ñ≠‚ñ≠ Need a VPN?
,cBJz2yxiaPw,Xai Token Price Prediction | Xai token price | Xai coin price prediction,2024-07-15T07:47:34Z,binancelaunchpool #binance #launchpool #xai #xaitoken #xaitokenprice #xaitokenpriceprediction #xaicoin #xaiairdrop #xaicoin ...
,HXAhTliGQo4,Binance Yeni Listeleme Xai Token (Xai) Token nasƒ±l satƒ±n alƒ±nƒ±r? Adƒ±m adƒ±m Kƒ±lavuz,2024-01-09T19:43:11Z,Binance Yeni Listeleme Xai Token (Xai) Token nasƒ±l satƒ±n alƒ±nƒ±r? Adƒ±m adƒ±m Kƒ±lavuz %20 Komisyon indirimi ile √ºyelik: ...
,KetUXVUY2lk,BYBƒ∞T XAƒ∞ Aƒ∞RDROP - T√úM KULLANICILARA 45$ DEƒûERƒ∞NDE 30 XAƒ∞ TOKEN,2024-03-11T13:00:10Z,Bybit borsasƒ±nƒ±n daƒüƒ±tacaƒüƒ± Mavia airdropunu sakƒ±n ka√ßƒ±rmayƒ±n arkada≈ülar. G√∂revler zor g√∂r√ºnebilir ama 10 dakikada halledilecek ...
,Q7lBZuLSx_4,ONDO BINANCE LISTING || XAI TOKEN HIDDEN SECRET || QUALITY CONTENT || CRYPTO HINDI || INDIA,2024-07-07T13:35:44Z,"TELEGRAM - https://t.me/MUKULCRYPTOZONE not a financial advisor dyor Hey Crypto Fam! Mukul Crypto Zone here, diving ..."
,ZqrfNQ9vT2Y,How To Get Xai Crypto Tokens Free From Binance launchpool I #ai,2024-01-04T12:00:29Z,XAI is a gaming blockchain built on top of Arbitrum as its first L3 ‚ú® Sing Up ...
,qvlCr2SuIvo,Xai Token Airdrop üéâ | Binance New Listing XAI | How To Get Maximum Profit?,2024-01-09T06:50:00Z,Xai Token Airdrop | Binance New Listing XAI | How To Get Maximum Profit? Xai (XAI) Binance Launchpool | 75000000 XAI ...
,UNARkXMPRio,CLAIM OVER $500 XAI FREE TOKEN NOW IN TRUST WALLET | CRYPTO AIRDROP,2024-01-12T00:00:22Z,"In this video, I'll show you how I claimed new XAI TOKEN of over $500 in a token giveaway! By joining my cryptoaugmented trust ..."
,jW_0o4srGDM,Xai Coin Price Prediction üî•üöÄ - best crypto to invest in 2024 üíé,2024-01-18T11:33:15Z,Xai Coin Price Prediction - best crypto to invest in 2024 ‚úìTelegram https://t.me/THE_CRYPTO_CHIPS ‚úìTWITTER ...
,jnWyGxEryP8,H∆∞·ªõng d·∫´n Airdop Bybit &amp; XAI Token - Nh·∫≠n 35 XAI (Ngon),2024-03-12T14:24:28Z,H∆∞·ªõng d·∫´n Airdop Bybit & XAI Token - Nh·∫≠n 35 XAI (Ngon). M·ªü kh√≥a ph·∫ßn chia s·∫ª c·ªßa b·∫°n trong t·ªïng gi·∫£i th∆∞·ªüng 1.025.000 XAI ...
,-_UBEkVFFV4,XAI TOKEN HUGE PRICE PUMP! XAI CRYPTO PRICE PREDICTION | xai coin news update today,2024-01-16T04:00:44Z,"XAI TOKEN HUGE PRICE PUMP! XAI CRYPTO PRICE PREDICTION | xai coin news update today SK Unique Tech,Crypto news ..."
,KAVqe-cSI_0,$100 Claim Free ($XAI) Token üöÄ üî•10X - 60X ICO- XAI Binance launchpool 2024 ü§ë | #xai #gns #binance,2024-01-04T17:36:32Z,10X - 60X XAI ($xai) ICO Binance Listing XAI | Layer 3 Blockchain for AAA Gaming | Launchpad | GNS Lets Join ...
,aBl1l-P63No,How To Get Started with XAI48E AI Token: Beginner&#39;s Guide to 100X Altcoins,2024-10-29T15:57:23Z,"Official Presale Link: https://xaiofficial.com My name is Sam, and on this channel, I teach you about personal finance and crypto ..."
,-5e6RxJwZls,XAI Price Prediction. Should you buy XAI Coin Now?,2024-01-24T15:05:59Z,"XAI Price Prediction. Should you buy XAI Coin Now? DM me ""4LIGHT"" -10% code, for Indicators set - https://t.me/vladi4light ..."
,9eqZo7-vvM4,"NEW Binance Launchpool XAI | Gaming blockchain Token! Stake BNB, TUSD and FDUSD to Farm XAI",2024-01-03T16:17:17Z,"This time early to the game, check out my video about the new launchpool from Binance. 43rd Launchpool, covering XAI Projects ..."
,wAtAz4shIgg,‚Çπ40 ‡§ï‡§æ Crypto Coin ‡§¨‡§® ‡§∏‡§ï‡§§‡§æ ‡§π‡•à ‚Çπ1000 ‡§ï‡§æ 2025 ‡§Æ‡•á‡§Ç ! Best Crypto to Buy Now #crypto #altcoins #shorts,2024-05-05T13:15:03Z,bestcrypto #topaltcoins #shibainucoin #bitcoin #cryptocurrency #youtubeshorts.
,rfkEXLgH5Uk,XAI76H üî• XaI TOKEN Presale Official üåê https://project-xai.com XAI29K XAI60M XAI55P XAI76H XAI94X,2024-10-09T08:02:20Z,"Presale Official website:   https://project-xai.com Welcome to the official YouTube channel of XAI-TOKEN coin, where we bring ..."
,p9woIudNEJA,$100 Claim free XAI Token | Xai token airdrop | Binance Lanchpool New Project | Xai token listing,2024-01-06T13:41:01Z,binancelaunchpool #binance #launchpool #xai #xaitoken #xaiairdrop #xaicoin #binancelisting #newcoin If You are New ...
,g-y4XLdg9S0,XAI COIN CHART EVALUATION: FUTURE OUTLOOK! XAI COIN PRICE MOVEMENTS: CHART INSIGHTS !,2024-07-30T07:54:01Z,TO SUPPORT OUR CHANNEL YOU CAN CONTRIBUTE IN THE BELOW MENTIONED DETAILS or JOIN THE MEMBERSHIP ...
,T8re6kRRaNg,XAI54W - BUY ALTCOIN RIGHT NOW OR REMAIN POOR FOREVER! XAI54W,2024-09-03T05:34:48Z,investing #crypto #altcoins GET UP TO 200% BONUS NOW!! https://xai-token.app/presale/ Seizing the Opportunity: XAI54W ...
,Of6AF1PyKxw,XAI CRYPTO COIN PRICE PREDICATION,2024-03-14T16:19:50Z,My XAI Price Prediction for the Upcoming Crypto Bull Run is finally revealed! Trade Crypto via MEXC  .
,LMw8AfP7fVM,Binance launchpad | Binance Airdrop | New listings on XAI Token | Crypto box codes,2024-01-06T11:44:33Z,binance #airdrop #ai $1000 Claim Free XAI Token | Sleepless AI Binance launchpool 2024 | Free Airdrop Binance 2024 Website ...
,34UpJD7eWI4,$100 Claim Free XAI Token üöÄ - XAI Binance launchpool 2024 ü§ë | Free Airdrop Binance 2024 üòÅ,2024-01-04T16:01:53Z,Claim Free XAI Token - XAI Binance launchpool 2024 | Free Airdrop Binance 2024 Binance App Link ...
,uQ-l7XwtfYc,So REICH werden 2024?! ü§ë JETZT kaufen?? XAI Games &amp; NODE erkl√§rt! (Web3 &amp; Crypto Gaming Deutsch),2024-01-19T13:53:23Z,Explodiert XAI 2024 und wird Xai Games eines der Top Krypto Gaming Projekte? In diesem Video erkl√§ren wir dir was Xai Games ...
,mE8HK5MLh9g,XAI Prediction 15/OCT XAI COIN Price News Today Crypto Technical Analysis Update Price Now,2024-10-15T14:23:49Z,THE BEST EXCHANGE FOR TRADING : https://bit.ly/100Bitget NEW TELEGRAM : https://t.me/Officialcryptoinfos Price News ...
,uEFoJzjm7Dc,$50 USDTüî• Profit Xai Token Airdrop || Xai Coin Airdrop From Bybit || Bybit Exchange New Offer ||,2024-03-12T15:24:41Z,Today Link: https://t.me/onlinesupport24bd/6964 ‚úì   Business Contact       Contact to promote any earning ...
,lkdizTxKpmo,XAI Prediction 22/AUG XAI COIN Price News Today Crypto Technical Analysis Update Price Now,2024-08-22T16:29:36Z,THE BEST EXCHANGE FOR TRADING : https://bit.ly/100Bitget NEW TELEGRAM : https://t.me/Officialcryptoinfos Price News ...
,xG-fREo08zc,&quot;üöÄ Binance New Listing  XAI Token Launching on Binance Launchpool | XAI Gaming Crypto Unleashed! üíªüéÆ&quot;,2024-01-05T05:24:53Z,"Exciting news for the crypto gaming community! Binance is set to list the XAI Token, an innovative gaming crypto, on the Binance ..."
,zl55Izj5GTs,XAI52E - How to Buy Elon Musk&#39;s New Crypto Token (2024),2024-10-30T15:37:05Z,"Get The Hottest Crypto Deals https://xaiofficial.com Unlock the potential of XAI52E, the game-changing cryptocurrency with the ..."
,X8d-qr2oTLQ,XAI76G - How to Buy Elon Musk&#39;s New Crypto Token (2024),2024-10-30T15:41:48Z,"Get The Hottest Crypto Deals https://xaiofficial.com Unlock the potential of XAI76G, the game-changing cryptocurrency with the ..."
,4lD0smeWIhM,Don&#39;t Miss XAI Launchpool ‚ùå 2$ Sleepless AI Token Price Listed On Binance,2024-01-04T10:40:30Z,XAI Launchpool Update : https://youtu.be/wu4yggvqDX0 Introducing Sleepless AI (AI) on Binance Launchpool! Farm AI by Staking ...
,xl6JPkBdcSE,"Xai (XAI) Airdrop BLOCKCHAIN GAMINGDEVELOPED FOR MASS ADOPTION Max Token Supply2,500,000,000",2024-01-07T14:48:36Z,"Xai (XAI) Airdrop BLOCKCHAIN GAMING DEVELOPED FOR MASS ADOPTION Max Token Supply2,500000000 Max Token ..."
,B1mZIWzw64I,Legendary Project Of Legendary Ecosystem | This Project Better Then Matic | Next 50X To 100X,2024-08-21T04:45:00Z,Legendary Project Of Legendary Ecosystem || XAI Token Future Any Questions Join Our Telegram Group = 1.
,8NhihWMLU0M,I Got $100 FREE Airdrop Confirmed XAI BINANCE Listing TokenüöÄ Tamil,2024-01-05T11:11:40Z,BINANCE NEW Launchpool | BINANCE NEW Listing #binanceLaunchpool #freeairdrop #freecrypto Topic Covered: binance ...
,xtZYpH3boqs,XAI41V - How to Buy Elon Musk&#39;s New Crypto Token (2024),2024-10-30T15:31:13Z,"Get The Hottest Crypto Deals https://xaiofficial.com Unlock the potential of XAI41V, the game-changing cryptocurrency with the ..."
,useThatCKBg,XAI16A - How to Buy Elon Musk&#39;s New Crypto Token (2024),2024-10-30T17:07:41Z,"Get The Hottest Crypto Deals https://xaiofficial.com Unlock the potential of XAI16A, the game-changing cryptocurrency with the ..."
,T0zFL5hLfwg,XAI95Z - How to Buy Elon Musk&#39;s New Crypto Token (2024),2024-10-30T17:06:11Z,"Get The Hottest Crypto Deals https://xaiofficial.com Unlock the potential of XAI95Z, the game-changing cryptocurrency with the ..."
,x0kNgk1frz4,[ Bybit &amp; XAI Event 30 XAI Token Per User ]_ 45$ Xai Token ‡¶™‡¶æ‡¶¨‡ßá‡¶®‡•§ ‡¶∏‡¶Æ‡ßç‡¶™‡ßÇ‡¶∞‡ßç‡¶£ ‡¶≠‡¶ø‡¶°‡¶ø‡¶ì ‡¶ü‡¶æ ‡¶¶‡ßá‡¶ñ‡ßá ‡¶ú‡ßü‡ßá‡¶® ‡¶ï‡¶∞‡ßÅ‡¶® ü§ë,2024-03-16T04:57:35Z,‡¶Ü‡¶Æ‡¶æ‡¶¶‡ßá‡¶∞ ‡¶ö‡ßç‡¶Ø‡¶æ‡¶®‡ßá‡¶≤‡¶ü‡¶ø‡¶ï‡ßá ‡¶Ø‡¶æ‡¶∞‡¶æ ‡¶è‡¶ñ‡¶®‡ßã Subcribe ‡¶ï‡¶∞‡ßá‡¶® ‡¶®‡¶æ‡¶á ‡¶™‡ßç‡¶≤‡¶ø‡¶ú ‡¶ö‡ßç‡¶Ø‡¶æ‡¶®‡ßá‡¶≤‡¶ü‡¶ø subcribe ...
,AgxjFniKkjw,XAI COIN CHART PATTERNS SIGNAL MAJOR MOVES AHEAD! XAI COIN PRICE MOVEMENTS: CHART INSIGHTS !,2024-10-08T17:24:52Z,JOIN OUR PATREON AND YOUTUBE MEMBERSHIP PROGRAM TO SUPPORT OUR CHANNEL! YOUR CONTRIBUTION ...
,jI-GXprnYg4,Sleepless Ai Airdrop Token Claim || Xai Token Binance Airdrop || Xai &amp; Ai Token Price Prediction ||,2024-01-03T16:57:55Z,About that Video: ============== Sleepless Ai Airdrop Token Claim || Xai Token Binance Airdrop || Xai & Ai Token Price ...
,IH-GoT1bEj0,XAI57G coin How to Buy xAI New Crypto Token presale (2024).,2024-10-11T21:04:05Z,XAI57G Presale : https://xaiofficiai.tech/presale/ Uncover the next significant opportunity in the cryptocurrency market with XAI57G ...
,B5slKoglwtk,XAI33K - HOW TO BUY Elon Musk&#39;S XAI33K  (Full guide 2024),2024-10-31T18:15:36Z,XAI33K Presale : https://xaiofficial.com Discover the next big opportunity in cryptocurrency with XAI33K ‚Äì a powerful altcoin set to ...
,QZ033CsyrU4,TOKEN XAI REVERTE QUEDA E PODE SUBIR MUITO FORTE,2024-03-09T16:25:53Z,UM CURSO SOBRE DEFI COMPLETO FEITO POR MIN PARA VOC√äS COM EMPRESTIMOS GERENCIAMENTO DE RISCO E ...
,-D2yAeN4Nu8,XAI COƒ∞N NEREYE Gƒ∞DECEK? ALANLAR NE YAPMALI?,2024-01-09T12:10:11Z,Abone olursanƒ±z videolardan direk haberiniz olur. √áok ciddi kazan√ß saƒülayacaƒüƒ±mƒ±z projeler payla≈üacaƒüƒ±m yakƒ±n zamanda.
,kqrkp84bljY,Farmea el nuevo token de CRYPTOUNICORNS en la red de XAI (Tutorial de migraci√≥n y staking),2024-06-22T18:00:23Z,En este video te ense√±o a cambiar y migrar tus Rainbow Tokens por el nuevo token CRYPTOUNICORNS en la red de XAI.
,cWA_H7Iw9J8,XAI Prediction 15/JUL XAI COIN Price News Today Crypto Technical Analysis Update Price Now,2024-07-15T14:01:19Z,THE BEST EXCHANGE FOR TRADING : https://bit.ly/100Bitget NEW TELEGRAM : https://t.me/Officialcryptoinfos Price News ...
,bgsJt6OFrTo,XAI Prediction 31/AUG XAI COIN Price News Today Crypto Technical Analysis Update Price Now,2024-08-31T18:09:11Z,THE BEST EXCHANGE FOR TRADING : https://bit.ly/100Bitget NEW TELEGRAM : https://t.me/Officialcryptoinfos Price News ...
,Xqtppm_t9as,Binance Launchpool XAI GAMES nh·∫≠n XAI token mi·ªÖn ph√≠ v√† gi√° XAI bao nhi√™u khi list s√†n Binance ?,2024-01-04T00:00:09Z,Link ƒëƒÉng k√Ω s√†n giao d·ªãch nh·∫≠n bonus v√† gi·∫£m ph√≠ giao d·ªãch: S√†n Binance gi·∫£m ...
,gPVzWL-AJWA,"XAI Vanguard Genesis (P4) - Deploy contract NFT, token tr√™n XAI builder, Thirdweb / add liquidity",2024-06-28T13:28:26Z,0:01 Intro 2:12 Mint XAI Odyssey Dev quest token 5:35 Deploy & Configure your Own NFT Drop Contract tr√™n Thirdweb 8:36 ...
,wq7oSHVEIac,Earn $42 Airdrop | Xai Token Airdrop on Bybit | 30 Xai Tokens For Each,2024-03-14T11:26:13Z,"In this video, I will tell you how to participate in the Xai token Airdrop Campaign on bybit. Follow all the steps and get a chance to ..."
,m6WjGYsCMAg,"CLAIM 1,000 ($5000) XAI TOKEN on Trust Wallet",2024-01-14T13:23:41Z,CLAIM 1000 ($5000) XAI TOKEN on Trust Wallet Airdrop Link: https://t.me/hackmindcryptoairdropp/2671 CREATE BIN√ÅNCE ...
,mxVra0_-gPg,Bybit New Event 1025000 Xai Token Airdrop || Minimum Profit 40$-50$ || Bybit New Offer Today,2024-03-15T13:30:32Z,Bybit New Event 1025000 Xai Token Airdrop || Minimum Profit 40$-50$ || Bybit New Offer Today ‚úì‚úìTodays Offer link: ...
,Aa-KjkPtt_M,I‚Äôm BUYING These ALTCOINS Right Now! [MASSIVE CRYPTO BREAKOUT],2024-05-20T07:37:08Z,"Altcoins are breaking out and we have bullish confirmation. In today's episode of Crypto Banter, Kyledoops shares his top Altcoin ..."
,yBnC4Pyc7t0,XAI ‡§Ü‡§®‡•á ‡§µ‡§æ‡§≤‡§æ ‡§π‡•à ‡§¨‡§°‡§º‡§æ PUMP | XAI COIN PRICE PREDICTION | XAI COIN UPDATE 3 JUNE 2024,2024-06-03T10:44:15Z,"Disclaimer - Cryptocurrency trading on Exchanges and investment, mining & ICO or IEO investment is a risky business, We do not ..."
,Dx6lR232MWQ,XAI Presale: This will be The BIGGEST Crypto Run EVER Starts NOW!,2024-10-29T16:50:26Z,XAI Presale: This will be The BIGGEST Crypto Run EVER Starts NOW! XAI Presale: https://presale.investxai.xyz Discover the next ...
,nW9lBU_sD0A,XAI33K 100x POTENTIAL AFTER ETH ETF APPROVED ?,2024-10-31T18:15:51Z,XAI33K Presale : https://xaiofficial.com Discover the next big opportunity in cryptocurrency with XAI33K ‚Äì a powerful altcoin set to ...
,sSzTe4cK_Eg,"45$+ Profit Confirm || Bybit New Offer || 30 Xai Token For 30,000 Users",2024-03-11T15:51:52Z,Don't Skip this video ‚ùå‚ùå Title: 45$+ Profit Confirm || Bybit New Offer || 30 Xai For 30000 Users ‡¶Ü‡¶ú‡¶ï‡ßá‡¶∞ ‡¶Ö‡¶´‡¶æ‡¶∞ ‡¶≤‡¶ø‡¶Ç‡¶ï: ...
,sCkhlSp23t0,30.667 ki≈üinin 45$ kazanacaƒüƒ± Bybit Borsasƒ± Xai token etkinliƒüi ! ! !,2024-03-11T22:38:21Z,1) Bybit borsasƒ±na kayƒ±t ol ve kimlik doƒürulamasƒ±nƒ± tamamla. Bybit kayƒ±t linki: https://www.bybit.com/invite?ref=DY4OY 2) A≈üaƒüƒ±daki ...
,5rN0_vvHfzE,XAI Prediction 22/SEP XAI COIN Price News Today - Crypto Technical Analysis Update Price,2024-09-22T15:28:27Z,
,ihYQds33AlE,XAI49A - How to Buy Elon Musk&#39;s New Crypto Token (2024),2024-10-31T04:43:04Z,"Get The Hottest Crypto Deals https://xaiofficial.com Unlock the potential of XAI49A, the game-changing cryptocurrency with the ..."
,JyMiGqKrzzI,XAI89H - How to Buy Elon Musk&#39;s New Crypto Token (2024),2024-10-31T03:54:26Z,"Get The Hottest Crypto Deals https://xaiofficial.com Unlock the potential of XAI89H, the game-changing cryptocurrency with the ..."
,dkN78KVc5Ko,XAI24K - How to Buy Elon Musk&#39;s New Crypto Token (2024),2024-10-31T00:56:55Z,"Get The Hottest Crypto Deals https://xaiofficial.com Unlock the potential of XAI24K, the game-changing cryptocurrency with the ..."
,08ylZItAf4E,XAI41D - How to Buy Elon Musk&#39;s New Crypto Token (2024),2024-10-31T03:29:39Z,"Get The Hottest Crypto Deals https://xaiofficial.com Unlock the potential of XAI41D, the game-changing cryptocurrency with the ..."
,71sA_1rWMxM,XAI65F - How to Buy Elon Musk&#39;s New Crypto Token (2024),2024-10-31T03:47:12Z,"Get The Hottest Crypto Deals https://xaiofficial.com Unlock the potential of XAI65F, the game-changing cryptocurrency with the ..."
,,The Disruptive Technologies Podcast,2023-10-29T22:07:40Z,"Welcome to The Disruptive Technologies Podcast, for individuals who want to stay informed about the cutting-edge developments ..."
,sqDe0LatDlc,XAI34U - How to Buy Elon Musk&#39;s New Crypto Token (2024),2024-10-31T07:46:09Z,"Get The Hottest Crypto Deals https://xaiofficial.com Unlock the potential of XAI34U, the game-changing cryptocurrency with the ..."
,rf5GtokOcJI,XAI11S - How to Buy Elon Musk&#39;s New Crypto Token (2024),2024-10-30T16:21:10Z,"Get The Hottest Crypto Deals https://xaiofficial.com Unlock the potential of XAI11S, the game-changing cryptocurrency with the ..."
,GXaTZx5H9A8,XAI22T - How to Buy Elon Musk&#39;s New Crypto Token (2024),2024-10-31T07:43:59Z,"Get The Hottest Crypto Deals https://xaiofficial.com Unlock the potential of XAI22T, the game-changing cryptocurrency with the ..."
,M5epxCROVjU,XAI12J - How to Buy Elon Musk&#39;s New Crypto Token (2024),2024-10-30T17:15:11Z,"Get The Hottest Crypto Deals https://xaiofficial.com Unlock the potential of XAI12J, the game-changing cryptocurrency with the ..."
,2YiRu12QIzU,XAI25Y - How to Buy Elon Musk&#39;s New Crypto Token (2024),2024-10-31T04:29:01Z,"Get The Hottest Crypto Deals https://xaiofficial.com Unlock the potential of XAI25Y, the game-changing cryptocurrency with the ..."
,fCyLm85UTYg,XAI10I vs. Bitcoin: How XAI10I  Is Set to Dominate 2024 ‚Äì Get Your XAI10I  Before It‚Äôs Too Late,2024-10-29T20:57:01Z,XAI10I Presale : https://xaiofficial.com Discover the next big opportunity in cryptocurrency with XAI10I ‚Äì a powerful altcoin set to ...
,wk28WHkMfJk,XAI2V | XAI9X FINALLY Elon Musk TOKENS REVEALED! [ XAI2V | XAI9X ],2024-11-01T09:29:16Z,XAI2V | XAI9X Presale: https://xaiofficial.com Discover the next big opportunity in cryptocurrency with XAI2V | XAI9X ‚Äì a powerful ...
,tilkL9lnEQs,XAI Presale: XRP Holders Are About To Be VERY RICH (Here&#39;s Why),2024-10-31T19:01:43Z,XAI Presale: XRP Holders Are About To Be VERY RICH (Here's Why) XAI Presale: https://presale.investxai.xyz Discover the Next ...
,K0rWxanfQSY,INDECIS√ÉO NO BTC AP√ìS OS DADOS DE PAYROLLS | SEGURA OS 70K OU N√ÉO?,2024-11-01T12:02:08Z,INDECIS√ÉO NO BTC AP√ìS OS DADOS DE PAYROLLS | SEGURA OS 70K OU N√ÉO? Corretoras que eu utilizo nos tutoriais: ...
,2EfBhNC_Zso,Maximize Your Efficiency and Cost-Savings with API Integration,2024-10-29T19:03:35Z,Discover how API integration can streamline your development process and enhance your natural language processing ...